,num_spikes,firing_rate,presence_ratio,snr,isi_violations_ratio,isi_violations_count,rp_contamination,rp_violations,amplitude_cutoff
0,20922,0.12035590067052178,0.14507772020725387,7.808812843920617,0.0,0,0.0,0,0.0004299842339114232
1,211528,1.2168360078880667,0.35233160621761656,7.654539837472717,0.3483622681285063,269,0.16515649518082043,78,1.4182318430868288e-05
2,287005,1.6510250106081208,0.43523316062176165,7.817336650433731,0.25394685119252747,361,0.11892017063802807,106,1.0452670308841566e-05
3,96659,0.5560405794337044,0.20725388601036268,9.278606041383748,0.17985725388135895,29,0.06739153966264655,7,0.0
4,73263,0.42145274595279786,0.12435233160621761,9.150186993732573,0.23750231105615832,22,0.04982108860549617,3,6.824261614893268e-05
5,23472,0.13502503109351338,0.12435233160621761,9.018887921845417,0.7362281228230132,7,0.7688701989317686,3,0.00012779552715654952
6,28844,0.16592799918461573,0.16580310880829016,9.012981654359555,0.7661190601192505,11,1.0,5,0.0
7,21932,0.12616602683805964,0.06217616580310881,7.437042767950119,1.084178001116245,9,0.20087089093110144,1,0.0
8,7484,0.04305245964143892,0.02072538860103627,9.079127153803249,3.1036179350200905,3,1.0,1,0.0
9,37111,0.21348474475593796,0.04145077720207254,10.12779319109946,1.0939125116467412,26,0.21175005440046712,3,0.0
10,4255,0.024477313705815417,0.02072538860103627,7.685516579905521,6.400964559716309,2,0.0,0,0.0
11,8966,0.05157781308727169,0.06217616580310881,6.578436632361452,5.045626823376803,7,1.0,3,0.0
12,47383,0.2725754536598477,0.08290155440414508,10.842946202695996,0.41294235502734766,16,0.38308309517490247,8,0.0
13,67522,0.3884270684004862,0.08290155440414508,10.266949811780831,0.8133995627329894,64,1.0,27,7.404445629155745e-05
14,1227,0.007058440403533612,0.02072538860103627,8.65570215443227,38.48800766301339,1,0.0,0,0.0
15,37497,0.21570524841996727,0.08290155440414508,7.622842452360796,1.2363537913902545,30,1.0,13,0.0
16,7866,0.04524995290480472,0.02072538860103627,8.503428821593712,3.74599042536662,4,0.0,0,0.0008891146957957577
17,9451,0.05436782416772303,0.06217616580310881,8.646805389889058,0.648722602200215,1,0.0,0,0.0
18,1398,0.008042135031898932,0.02072538860103627,6.517778383414423,29.648328436131365,1,0.0,0,0.0
19,19532,0.11235978643994989,0.04145077720207254,6.906700780144431,0.3037743639883539,2,0.26220703851455107,1,0.0
20,175046,1.0069696486364665,0.14507772020725387,9.545569961568724,0.12481135818772278,66,0.10160714653085734,34,2.2850614110254212e-05
21,48025,0.276268622966342,0.06217616580310881,8.754876932848443,1.1556801141991055,46,0.2598801809046448,6,0.0
22,574200,3.3031430152477586,0.48186528497409326,8.894667280006013,0.21405997373010255,1218,0.12815987597828726,455,0.0
23,17524,0.10080856530686472,0.02072538860103627,10.078937175308585,4.528551473794927,24,1.0,5,0.0
24,7105,0.04087222417857075,0.02072538860103627,8.128994454275256,5.7392665549965445,5,1.0,1,0.0026670409882088714
25,519436,2.9881076197635577,0.37305699481865284,16.63003571509248,0.0395155733569452,184,0.011664997833285229,36,0.0
26,906651,5.215600692994419,0.46113989637305697,12.535952302138256,0.00563928771851031,80,0.001693219812219371,16,1.7647052335642522e-05
27,841084,4.8384199579182265,0.41968911917098445,12.033425002980756,0.022279462902890457,272,0.0059149984896254,48,0.0
28,82944,0.4771436681586731,0.08290155440414508,9.783935025940558,0.3453253506697591,41,0.025595267443340175,2,0.0
29,479375,2.7576527045182764,0.41968911917098445,8.65697290667074,0.2652647444633172,1052,0.14253888651757407,350,1.043013892945054e-05
30,394174,2.267525417785214,0.37305699481865284,9.332057682198123,0.4285077050978683,1149,0.3073607498225356,465,0.0
31,2281,0.013121680978370145,0.02072538860103627,6.222181353162447,0.0,0,0.0,0,0.0
32,18682,0.10747007629895268,0.04145077720207254,8.303550748236294,1.6602283299110816,10,1.0,5,0.0
33,37002,0.21285771133785714,0.06217616580310881,8.11313261036187,1.6505503052003618,39,1.0,13,0.0
34,2953,0.016987428289840876,0.02072538860103627,7.198005659152561,0.0,0,0.0,0,0.0
35,130045,0.7480968885717428,0.21243523316062177,7.939631506234376,0.09936312362254844,29,0.02603630412376834,5,0.0
36,16662,0.09584982396387697,0.02072538860103627,9.286610835532269,1.252309127410314,6,1.0,3,0.0
37,20717,0.11917661763651657,0.04145077720207254,6.859692174641762,2.160134565651537,16,1.0,8,0.0032236335642802155
38,69604,0.40040398194584637,0.10880829015544041,7.832843021136622,1.243882902658483,104,1.0,54,0.0
39,134387,0.7730746784919897,0.10880829015544041,16.89827569392535,0.012833940723602038,4,0.0048243650202751676,1,0.0
40,15788,0.09082205141889867,0.02072538860103627,16.948794807085324,0.23246646971251492,1,0.0,0,0.0
41,13684,0.07871858066988911,0.02072538860103627,11.486953204991583,1.2377941223480078,4,0.7323165895334676,1,0.0004382761139517896
42,15280,0.0878997305346321,0.025906735751295335,8.887313635375364,2.2336254882678652,9,0.0,0,0.0009153916568588989
43,47383,0.2725754536598477,0.31088082901554404,7.118961855908645,1.4452982425957168,56,1.0,15,0.0
44,380220,2.1872536350705376,0.9958549222797928,7.694203085889113,0.5948103840808185,1484,0.2779015673046974,398,0.0
45,4289,0.024672902111455307,0.02072538860103627,7.6389785368628536,6.299882638701984,2,1.0,1,0.0
46,189909,1.0924705449019272,0.43419689119170984,7.537040668776317,0.8145756456119393,507,0.4049172724807778,134,6.8449152810101e-05
47,49571,0.28516214282279106,0.22797927461139897,18.046177438506252,0.4716167176612441,20,0.07343916297869202,2,0.0
48,4636,0.02666905436901534,0.02072538860103627,8.134715280112072,5.392097008080299,2,0.0,0,0.0
49,8435,0.04852318239918991,0.04145077720207254,10.89848201342127,3.2576496336475276,4,1.0,1,0.0
50,2622,0.015083317634934906,0.02072538860103627,8.144507360317666,8.428478457074895,1,0.0,0,0.0
51,3799,0.021854128030174565,0.02072538860103627,8.058091837120179,20.07455713324792,5,1.0,1,0.0
52,4425,0.02545525573401486,0.04145077720207254,7.505185615395274,56.22657203684197,19,1.0,3,0.0
53,14291,0.0822104089705777,0.12435233160621761,7.078787010867151,8.511587578222443,30,1.0,9,0.0003497481813094572
54,6274,0.03609181344072525,0.08290155440414508,7.213730292966147,8.832360309782024,6,0.0,0,0.0025437201907790143
55,4729,0.027204046184442093,0.06217616580310881,7.08702967307434,10.36420319912108,4,0.0,0,0.009633507853403141
56,11110,0.0639113878429164,0.08290155440414508,7.672881663547244,5.163915452931431,11,1.0,3,0.000449842555105713
57,95232,0.5478316189969951,0.10362694300518134,8.10542837278192,3.2585089750389513,510,1.0,142,0.00041985053321017717
58,10552,0.06070143695035588,0.04145077720207254,19.497540576123054,9.36736614253337,18,1.0,8,0.0
59,119784,0.6890694582696578,0.35233160621761656,16.03730728245235,0.5169242452384272,128,0.3625481884024536,49,0.0
60,153051,0.8804412079879567,0.3316062176165803,8.645667575267453,0.7495227877994858,303,0.4921631857559958,100,0.0
61,3263,0.018770734341263386,0.02072538860103627,13.600595456248337,32.65364437563951,6,1.0,2,0.0
62,81289,0.4676231148841432,0.10362694300518134,11.590944793963306,3.796985076359295,433,1.0,170,0.00012300274296116802
63,87755,0.5048194275567173,0.04145077720207254,8.602843537210154,1.3619130757597206,181,0.8286676644356852,43,0.0
64,4065,0.023384319674298396,0.04145077720207254,21.179280678061797,3.5066583569812737,1,0.0,0,0.0
65,411122,2.3650204853965326,0.5803108808290155,8.599935570308148,0.3949349786467589,1152,0.2234640585655704,386,0.0
66,58890,0.3387706237686181,0.28911917098445594,16.316018457032463,0.9857878448254396,59,0.7817600121717222,19,0.00011885155440854372
67,6390,0.03675911505996722,0.04145077720207254,23.638698190484643,8.514596852313089,6,1.0,4,0.0
68,33848,0.19471401041467457,0.18652849740932642,13.839677650825191,0.4046117756695209,8,0.07898393926928204,1,0.0
69,1302,0.007489885415974541,0.02072538860103627,14.91251399428045,34.181615716391,1,0.0,0,0.014383043149129448
70,30729,0.17677165049729776,0.06217616580310881,12.36649163671598,4.663707380254822,76,1.0,32,0.0
71,13109,0.07541083557450864,0.04145077720207254,15.062759917627647,4.046286918373486,12,1.0,3,0.0
72,58902,0.33883965497060864,0.08290155440414508,11.245161713169077,4.509394566659993,270,1.0,90,6.790479747394153e-05
73,36265,0.20861804501560427,0.06217616580310881,10.193369572073447,4.185648913563805,95,1.0,29,0.0011568017186768392
74,20561,0.11827921201063944,0.06217616580310881,14.93489087183571,4.523139992878597,33,1.0,12,0.0
75,13895,0.0799323793048896,0.06217616580310881,14.732317177528529,1.8007304313701826,6,1.0,2,0.0
76,347468,1.9988444744376666,0.7046632124352331,14.409969495601857,0.3090799221457699,644,0.18481689133524126,233,4.3167579421151536e-05
77,4582,0.02635841396005787,0.02072538860103627,15.84343865881869,2.759970156735039,1,1.0,1,0.0
78,8847,0.05089325366753208,0.06217616580310881,13.017445261278276,5.18227602590205,7,1.0,2,0.0
79,1451,0.008347022840690521,0.02072538860103627,20.713115452993495,0.0,0,0.0,0,0.0
80,3167,0.018218484725338997,0.02072538860103627,7.961636032455704,0.0,0,0.0,0,0.0
81,2505,0.014410263415527055,0.02072538860103627,9.847221344091686,0.0,0,0.0,0,0.0
82,8873,0.05104282127184494,0.08290155440414508,8.240149466643752,2.2079785372467335,3,0.0,0,0.0
83,2333,0.013420816186995857,0.02072538860103627,10.792450531398957,10.645966083248966,1,0.0,0,0.0
84,225177,1.29535324755215,0.6217616580310881,20.138201885310895,0.04114044632811698,36,0.019037246273220565,11,0.0
85,6623,0.03809947089861704,0.04145077720207254,10.578768914659152,9.247047441024584,7,1.0,5,0.001658124811576726
86,20986,0.12072406708113803,0.10362694300518134,11.084859837355078,1.0525559866900487,8,0.2219951767558046,1,0.0
87,10037,0.05773884786492817,0.06217616580310881,9.756187760488743,9.77812599222382,17,1.0,5,0.0
88,5241,0.030149377469372175,0.04145077720207254,10.253244621876156,2.109532576698346,1,0.0,0,0.0
89,2736,0.015739114053845118,0.02072538860103627,14.731243282301405,0.0,0,0.0,0,0.0018241517694272164
90,46547,0.2677662799211728,0.14507772020725387,10.407122867171537,1.4441919657290996,54,1.0,19,0.0
91,7780,0.04475522929053912,0.04145077720207254,8.60871392468367,10.530477074857053,11,1.0,3,0.0
92,618,0.0035551069025132618,0.02072538860103627,10.79561560143714,0.0,0,0.0,0,0.0
93,71230,0.40975770981556575,0.16580310880829016,9.71989085231717,1.290527045951781,113,1.0,33,0.0
94,268214,1.5429279008910872,0.31088082901554404,7.848173645895611,1.2613727005559594,1566,1.0,574,0.0
95,1301,0.007484132815808662,0.02072538860103627,10.718330396306516,0.0,0,0.0,0,0.0
96,8992,0.05172738069158454,0.08290155440414508,10.551709918945068,10.032981121174096,14,1.0,3,0.00044464206313917296
97,6188,0.03559708982645965,0.02072538860103627,22.18937792765278,1.513261370216958,1,0.0,0,0.0
98,27795,0.15989352161060857,0.08290155440414508,15.013727698268829,0.9000413141801354,12,1.0,6,0.0
99,802985,4.619251644198401,0.41968911917098445,8.411866704802621,0.6889195441190075,7666,0.36339890679638176,2206,1.3698698374587171e-05
100,2545,0.014640367422162218,0.019689119170984457,27.37108023649791,0.0,0,0.0,0,0.0
101,2466,0.014185912009057772,0.019689119170984457,27.56780032408997,19.057169948900796,2,0.0,0,0.0
102,9801,0.05638123422578071,0.06217616580310881,19.935951667695335,2.4128691389792,4,1.0,2,0.0
103,60111,0.34579454857115643,0.24352331606217617,18.91887929788546,0.16036391491622473,10,0.0,0,0.0003658556865614554
104,1245,0.007161987206519435,0.02072538860103627,9.317789999808923,0.0,0,0.0,0,0.0
105,230524,1.3261124006391054,0.3316062176165803,7.920559503675033,1.0293291137177665,944,1.0,310,6.506491309496441e-05
106,26814,0.15425022084788123,0.12124352331606218,33.44928004319556,0.08059189092493899,1,0.0,0,0.0
107,14115,0.081197951341383,0.04145077720207254,9.39365014596787,5.235103785525732,18,1.0,6,0.0
108,3186,0.018327784128490697,0.02072538860103627,8.85789359065067,5.708513242856763,1,0.0,0,0.0
109,10062,0.05788266286907514,0.08290155440414508,14.14735958720077,5.150963106458107,9,1.0,2,0.0
110,65465,0.3765939698592729,0.14507772020725387,9.90224333785958,1.3385401606257845,99,0.7410056566894223,23,0.0
111,2919,0.01679183988420099,0.02072538860103627,36.313089729610674,6.80058645069132,1,0.0,0,0.0
112,1832,0.010538763503890445,0.02072538860103627,28.574917010319652,0.0,0,0.0,0,0.0
113,23110,0.13294258983346516,0.04145077720207254,8.448068564432202,5.424811714456615,50,1.0,22,0.0
114,1799,0.010348927698416437,0.019689119170984457,35.79448989525118,0.0,0,0.0,0,0.0
115,67030,0.3855967891188737,0.14507772020725387,9.665893937890358,2.3600826203738925,183,1.0,50,0.00023864212630134534
116,79299,0.4561754405540439,0.2,46.206565749644504,0.009214656161358517,1,0.0,0,0.00011348161597821153
117,9834,0.056571070031254715,0.04145077720207254,24.942424206935986,0.0,0,0.0,0,0.0
118,4570,0.026289382758067324,0.02072538860103627,9.858974941783588,2.774483559360537,1,1.0,1,0.0
119,13234,0.07612991059524353,0.06217616580310881,11.853218323322645,2.9776579274092825,9,1.0,2,0.0
120,17172,0.0987836500484753,0.04145077720207254,13.144155676271291,0.7860185355952847,4,0.35930810969426463,1,0.00017467248908296942
121,36008,0.20713962677297335,0.08808290155440414,21.472698183563455,2.4579850973470454,55,1.0,20,0.000555123792605751
122,3725,0.021428435617899512,0.025906735751295335,7.653217350920474,33.40811628385107,8,1.0,4,0.0
123,4923,0.02832005061662263,0.025906735751295335,12.434000202946232,0.0,0,0.0,0,0.0
124,1596,0.009181149864742987,0.015544041450777202,22.98423132860705,0.0,0,0.0,0,0.0
125,7317,0.04209177541373711,0.025906735751295335,7.815599453849886,12.987623544375088,12,1.0,4,0.0
126,9815,0.056461770628103015,0.025906735751295335,16.228627401433638,0.0,0,0.0,0,0.0
127,3494,0.02009958497958145,0.021761658031088083,38.472522516691946,0.0,0,0.0,0,0.0
128,6876,0.03955487874058444,0.025906735751295335,26.95781262488014,0.0,0,0.0,0,0.0
129,1817,0.01045247450140226,0.014507772020725389,47.85338164891404,0.0,0,0.0,0,0.0
130,154847,0.8907728778858754,0.5119170984455959,6.774623243165767,1.0415646562985352,431,0.7058633305368707,126,0.0
131,112833,0.6490831345166325,0.12435233160621761,11.842173091689164,1.4746443643545137,324,1.0,85,0.00024809278670222663
132,116925,0.6726227743954095,0.14507772020725387,9.766249435980306,1.966607899050577,464,1.0,152,0.0
133,656551,3.7768753915080655,0.18652849740932642,9.400704669709157,0.6213088827080006,4622,0.2718604207647526,1165,1.67539394604013e-05
134,4790,0.027554954794560715,0.02072538860103627,6.997550365238336,12.627388236820988,5,1.0,2,0.0
135,12042,0.06927281119751569,0.02072538860103627,8.343520602086992,20.379216644565627,51,1.0,14,0.00041504108906781774
136,7340,0.04222408521755233,0.02072538860103627,8.289235740646854,13.981887012962371,13,1.0,2,0.0
137,5286,0.03040824447683673,0.02072538860103627,8.646650148799745,18.663914989573325,9,1.0,3,0.0007561436672967864
138,2824,0.016245342868442477,0.02072538860103627,9.858706527120395,7.265828974142228,1,0.0,0,0.0
139,19803,0.1139187410849031,0.02072538860103627,9.083722201779825,0.7387926824421901,5,0.25386034113264966,1,0.0
140,23440,0.13484094788820525,0.04145077720207254,7.597307788793652,6.749619877795768,64,1.0,18,0.00017061934823408976
141,316621,1.8213940171207952,0.24663212435233162,7.3883585079846865,0.3300435361851322,571,0.12583065473733113,136,0.0
142,62114,0.3573170067034122,0.12435233160621761,7.609296091438619,0.5707148289142375,38,0.09458613631477975,4,0.0
143,620112,3.567256394063598,0.14507772020725387,11.961432309461683,0.015068647882543813,100,0.005666799262896927,25,1.9350968515974224e-05
144,3361,0.019334489157519535,0.02072538860103627,7.482578948814388,15.388588467578659,3,0.0,0,0.0
145,2631,0.015135091036427817,0.04145077720207254,7.938345912524056,8.37091360470941,1,0.0,0,0.0
146,41750,0.24017105692545093,0.02072538860103627,8.55988360534674,2.426746747915745,73,1.0,16,0.0
147,94238,0.5421135344321112,0.39378238341968913,8.423760867715565,0.5741760943668158,88,0.40497740056588416,33,0.0
148,1962,0.011286601525454723,0.02072538860103627,12.831309588719648,0.0,0,0.0,0,0.0
149,1566754,9.012909320291687,0.31088082901554404,12.849961362315549,0.0010858523190389962,46,0.00028330595348968757,8,3.255031736559431e-05
150,2078,0.011953903144696696,0.02072538860103627,7.635200337247014,0.0,0,0.0,0,0.013763644992880873
151,97193,0.5591124679222839,0.04041450777202073,15.533717686970716,0.006134011430239779,1,0.0,0,0.0
152,26709,0.15364619783046393,0.02072538860103627,10.743424568134948,0.0,0,0.0,0,0.0
153,224260,1.290078113200039,0.14507772020725387,11.140159258089598,0.11060688288006577,96,0.053265587770288,30,0.00018279009010213954
154,66905,0.38487771409813876,0.02072538860103627,13.504902133362222,0.0,0,0.0,0,0.0
155,5555,0.0319556939214582,0.06217616580310881,16.8918070327665,1.8777874374296115,1,0.0,0,0.0028720157960868786
156,907,0.005217608350452311,0.02072538860103627,6.741482747423873,0.0,0,0.0,0,0.0
157,80717,0.4643326275892604,0.25181347150259065,7.885790001580846,0.9694178885686525,109,1.0,42,0.0
158,1948,0.011206065123132417,0.02072538860103627,8.877835778684185,0.0,0,0.0,0,0.0
159,50747,0.29192720061786487,0.14507772020725387,7.929372590237563,1.2375321741554046,55,1.0,21,0.0
160,7050,0.0405558311694474,0.04145077720207254,9.832108213562144,2.3316658795388108,2,0.0,0,0.0
161,34384,0.19779740410358573,0.1077720207253886,7.893585476053424,1.9114650717301318,39,1.0,10,0.0
162,16554,0.09522854314596202,0.08704663212435233,7.992850174060235,3.1717570447604326,15,1.0,5,0.0
163,3422647,19.68911969994548,0.6424870466321243,11.072262220241864,0.0054558930528184,1103,0.0024886690478223006,335,8.47290248916345e-06
164,9515,0.05473599057833929,0.06217616580310881,12.263791499573962,0.0,0,0.0,0,0.0015739769150052466
165,2051,0.011798582940217961,0.06217616580310881,7.703688274158643,27.549468888962313,2,1.0,1,0.0
166,585801,3.3698789297721214,0.7046632124352331,8.815708243608746,0.30326386856349324,1796,0.17793060419851725,640,0.003602537084190169
167,14965,0.08608766148238019,0.08290155440414508,19.007314046157717,0.0,0,0.0,0,0.00013362731342286363
168,32340,0.18603908936452893,0.14507772020725387,10.916331018651862,0.16620947564573327,3,0.0,0,0.0
169,298263,1.7157877832755872,0.39378238341968913,9.945241147669561,0.3556382257823742,546,0.21824375981887467,199,3.0173801094303185e-05
170,3807,0.021900148831501598,0.06217616580310881,8.865945007701361,3.9980553490034487,1,1.0,1,0.0
171,807,0.004642348333864405,0.02072538860103627,7.749889411657138,0.0,0,0.0,0,0.0
172,11364,0.06537254828504968,0.06217616580310881,9.524387183713873,2.6921754283283326,6,1.0,2,0.0
173,6381,0.03670734165847431,0.02072538860103627,12.771915131351452,2.8462107998585107,2,0.0,0,0.0010958046336881652
174,23243,0.1337076856555271,0.08290155440414508,10.915120164577308,0.9653231043026816,9,0.40296460423337366,2,0.0
175,9820,0.05649053362893241,0.02072538860103627,9.876678418527812,4.807082407065583,8,1.0,3,0.001931090557983535
176,1723,0.009911730085809627,0.02072538860103627,8.909693733961273,0.0,0,0.0,0,0.0028935185185185184
177,354385,2.038635209785052,0.6476683937823834,10.187476518124889,0.06413257733071176,139,0.028077294128121766,40,0.0
178,25187,0.14489074037799599,0.10362694300518134,7.69289859264297,0.8220612572552928,9,0.327720919684537,2,0.0
179,6816,0.0392097227306317,0.02072538860103627,8.45271716689533,2.4945107965761,2,1.0,1,0.0
180,28549,0.1642309821356814,0.12435233160621761,9.287825237579819,1.5640672968542464,22,1.0,5,0.0
181,2763,0.015894434258323854,0.02072538860103627,11.712487199330848,508.54289224610505,67,1.0,5,0.0
182,25406,0.1461505598143235,0.16580310880829016,10.04730970974727,2.1545332959599572,24,1.0,6,0.0
183,6315,0.03632767004752629,0.02072538860103627,9.588430165761114,17.436089599701766,12,1.0,1,0.0
184,3333,0.01917341635287492,0.04145077720207254,20.0392302026945,0.0,0,0.0,0,0.0
185,686901,3.951466806542495,0.37823834196891193,9.306148196106758,0.04470207081506465,364,0.02518575829858849,135,0.0
186,227105,1.3064442606719648,0.37823834196891193,7.8634731371739734,0.6392539650815535,569,0.36749114131053395,178,0.0002685260998564926
187,2607,0.014997028632446719,0.02072538860103627,8.835758580675751,8.525748032375274,1,0.0,0,0.0
188,14665,0.08436188143261647,0.16580310880829016,29.112119043051273,0.0,0,0.0,0,0.0
189,4170,0.023988342691715698,0.02072538860103627,8.656429146777835,0.0,0,0.0,0,0.0
190,181819,1.0459320095599656,0.29533678756476683,7.938328590598917,0.3014841418539071,172,0.19521168648041265,67,0.00013198198445912133
191,50111,0.28826854691236575,0.14507772020725387,10.489875293050229,0.46150712737384475,20,0.03523374287140235,1,0.00015962010415211797
192,17640,0.10147586692610669,0.04145077720207254,9.516495531071945,2.607026405035853,14,1.0,4,0.0
193,44723,0.2572735372186094,0.19170984455958548,7.553414593907398,0.7821975722662092,27,0.3742012220692542,7,0.0
194,13218,0.07603786899258946,0.06217616580310881,15.497302543711882,0.0,0,0.0,0,0.0
195,76502,0.44008541789008015,0.15025906735751296,9.356229681202944,0.25742002347033177,26,0.07723868308327664,5,5.228348103416725e-05
196,42921,0.2469073517196953,0.08290155440414508,8.165528360316245,2.4219524768885976,77,1.0,31,0.00020964360587002095
197,5667,0.032599985140036654,0.02072538860103627,7.20280437709084,1.804297430045263,1,0.0,0,0.0
198,3249,0.01869019793894108,0.02072538860103627,7.456518152615899,0.0,0,0.0,0,0.0
199,2165,0.012454379359128173,0.02072538860103627,7.246616877004191,0.0,0,0.0,0,0.0
200,6074,0.03494129340754944,0.02072538860103627,6.6506918080846384,7.852988925316888,5,1.0,3,0.0
201,15866,0.09127075423183723,0.025906735751295335,8.037383533353003,8.516896703739498,37,1.0,14,0.0
202,45937,0.2642571938199866,0.18652849740932642,8.123764177966937,1.784853822518086,65,1.0,26,0.0
203,21313,0.12260516733538049,0.10362694300518134,8.034461496101788,5.102527773033692,40,1.0,16,0.0
204,4191,0.024109147295199158,0.04145077720207254,14.419953425107716,3.2989765930965382,1,0.0,0,0.0009535160905840286
205,2679937,15.416606030745442,1.0,10.326022319656172,0.004606822662055524,571,0.002144350637825032,177,0.0
206,3569,0.02053102999202238,0.04145077720207254,9.311026373513135,13.647173554808154,3,1.0,2,0.0
207,12902,0.07422004734017168,0.04145077720207254,16.658253012923634,0.0,0,0.0,0,0.0
208,4753,0.027342108588423193,0.04145077720207254,8.654285253487133,5.129900279256131,2,0.0,0,0.0
209,2367,0.013616404592635745,0.04145077720207254,17.26732577175097,0.0,0,0.0,0,0.01292743953294412
210,1385,0.007967351229742504,0.04145077720207254,8.726247777733471,0.0,0,0.0,0,0.0
211,1012,0.005821631367869613,0.02072538860103627,10.51015129119207,0.0,0,0.0,0,0.0
212,4833,0.027802316601693515,0.02072538860103627,10.65857131470349,64.49919784750716,26,1.0,14,0.0
213,1990,0.011447674330099338,0.02072538860103627,9.801711846336314,58.52863482123066,4,1.0,2,0.0
214,13531,0.07783843284450961,0.04145077720207254,11.59544392540038,23.736464445451254,75,1.0,31,0.006826189078097475
215,1567,0.009014324459932494,0.02072538860103627,11.479272816856506,0.0,0,0.0,0,0.0
216,954,0.005487980558248627,0.02072538860103627,13.249392347358942,0.0,0,0.0,0,0.0
217,17852,0.10269541816127305,0.2694300518134715,14.984227458481872,0.1818196424895811,1,0.0,0,0.0
218,23423,0.1347431536853853,0.12435233160621761,12.932361400228377,5.808877373052095,55,1.0,17,0.0
219,13159,0.0756984655828026,0.08290155440414508,7.688622087870211,5.688761197334326,17,1.0,10,0.0012144212523719166
220,27746,0.1596116442024805,0.16580310880829016,14.27086963906218,1.2042974716885675,16,1.0,6,0.0018706381754083027
221,22957,0.13206244200808567,0.10362694300518134,7.7250028982986985,1.4293139739024514,13,0.8976528400762548,3,0.0006964697688590954
222,2701,0.015537773048039352,0.02072538860103627,7.1980842245601835,15.885298611793619,2,1.0,1,0.0
223,1696,0.009756409881330893,0.02072538860103627,12.26314249543636,0.0,0,0.0,0,0.0
224,1942,0.011171549522137142,0.02072538860103627,11.784018913946682,46.09325301579658,3,0.0,0,0.0
225,34450,0.19817707571453375,0.14507772020725387,6.818454916963742,2.7829855989237187,57,1.0,19,0.00017413512885999536
226,824,0.004740142536684349,0.02072538860103627,9.614881673653066,341.3658903342026,4,1.0,1,0.0
227,11245,0.06468798886531008,0.12435233160621761,17.5801894534623,1.8329711422006878,4,0.0,0,0.0
228,73669,0.42378830162014475,0.35233160621761656,10.600230505071169,0.49113720924241683,46,0.32510866690103135,17,0.0003663699522362136
229,8186,0.04709078495788602,0.02072538860103627,10.397011451025431,15.564801280084122,18,1.0,3,0.01586919932676124
230,16062,0.09239826386434953,0.08290155440414508,7.611827353860075,1.5722201307369434,7,0.0,0,0.0
231,978,0.005626042962229724,0.02072538860103627,18.549847498098185,60.581056963722226,1,0.0,0,0.00508646998982706
232,1258,0.0072367710086758625,0.02072538860103627,10.35779295343339,36.61451397156063,1,0.0,0,0.0
233,256690,1.4766349365794968,0.5595854922279793,10.047254338887468,0.6437359108127988,732,0.4587553206933619,268,0.0
234,6912,0.03976197234655609,0.04145077720207254,12.181204031661988,7.277100072650534,6,1.0,2,0.0
235,913,0.005252123951447586,0.02072538860103627,10.721657423966256,0.0,0,0.0,0,0.0
236,1889,0.010866661713345552,0.02072538860103627,15.39867843989852,0.0,0,0.0,0,0.0
237,1193,0.006862851997893723,0.02072538860103627,21.0962496092897,0.0,0,0.0,0,0.0
238,1301,0.007484132815808662,0.02072538860103627,17.85491552807619,34.23418259169698,1,0.0,0,0.0
239,274171,1.577196140079229,0.31088082901554404,7.120301133234791,0.33609187451803124,436,0.1513655740685258,121,0.00026254088527327956
240,1135,0.006529201188272738,0.02072538860103627,15.334128312830854,44.980350240749,1,1.0,1,0.003511852502194908
241,3049,0.017539677905765265,0.02072538860103627,10.173241304108917,24.932148124371523,4,1.0,2,0.015180878552971577
242,621,0.003572364703010899,0.02072538860103627,12.61340446758496,0.0,0,0.0,0,0.0
243,3238,0.01862691933711641,0.02072538860103627,13.720289540039996,66.31963281411048,12,1.0,5,0.0
244,1453,0.00835852804102228,0.02072538860103627,20.248039300930355,0.0,0,0.0,0,0.0
245,1736,0.009986513887966056,0.04145077720207254,26.587482712407247,0.0,0,0.0,0,0.0
246,10172,0.05851544888732184,0.14507772020725387,20.86625790162521,0.5600178279337518,1,0.0,0,0.00039308176100628933
247,1994,0.011470684730762853,0.02072538860103627,14.268652001275251,14.573512837632476,1,0.0,0,0.0
248,1126,0.006477427786779826,0.02072538860103627,10.733327824019414,45.70227032366642,1,0.0,0,0.0
249,2141,0.012316316955147077,0.02072538860103627,13.848426524385008,0.0,0,0.0,0,0.0
250,1165,0.00670177919324911,0.02072538860103627,22.41299981812585,0.0,0,0.0,0,0.0
251,2652,0.015255895639911277,0.02072538860103627,11.310075935425905,0.0,0,0.0,0,0.0
252,1917,0.011027734517990165,0.04145077720207254,16.06268905759718,0.0,0,0.0,0,0.0
253,2537,0.014594346620835185,0.06217616580310881,21.55368680662302,0.0,0,0.0,0,0.0
254,766,0.004406491727063363,0.02072538860103627,10.415104458325604,0.0,0,0.0,0,0.0
255,3149,0.018114937922353174,0.02072538860103627,12.208229959384376,17.530346053560898,3,1.0,2,0.0
256,137956,0.7936057084840121,0.22797927461139897,8.214810739216752,1.3030981781307283,428,1.0,142,3.624212639804003e-05
257,40048,0.23038013144312475,0.24870466321243523,14.099904356142945,1.0116048960938797,28,0.6354316400695356,8,0.0
258,3718,0.02138816741673836,0.04145077720207254,20.09524910546966,0.0,0,0.0,0,0.0
259,8796,0.050599871059072245,0.02072538860103627,7.802376604932904,8.238284762558182,11,0.0,0,0.0
260,46913,0.26987173158188454,0.14507772020725387,9.670960271489744,2.132618451201843,81,1.0,28,0.0006390729182199689
261,65364,0.37601295724251915,0.02072538860103627,13.19255645915252,0.0,0,0.0,0,0.0
262,862,0.004958741342987753,0.02072538860103627,14.66861343872164,0.0,0,0.0,0,0.003468208092485549
263,38844,0.22345400084340636,0.02072538860103627,18.033315938541485,0.0384031337552662,1,0.0,0,0.0
264,2679,0.015411215844390012,0.02072538860103627,12.512000961625702,161.47270633925285,20,1.0,3,0.0022346368715083797
265,10587,0.06090277795616165,0.10362694300518134,21.257127859288417,7.237636463985015,14,1.0,4,0.0
266,2530,0.014554078419674031,0.02072538860103627,9.38554401066574,0.0,0,0.0,0,0.0
267,319670,1.8389336950265605,0.35751295336787564,7.559318743960939,0.7966858761801388,1405,0.8521401462111404,575,0.0
268,3045,0.01751666750510175,0.02072538860103627,14.486611200188833,12.498847164214697,2,0.0,0,0.0
269,4953,0.028492628621599004,0.04145077720207254,9.74463307538475,0.0,0,0.0,0,0.0
270,33374,0.1919872779360479,0.02072538860103627,19.9162330008289,0.0,0,0.0,0,0.0
271,35086,0.20183572942003283,0.08290155440414508,9.238932973031908,3.3890605969909706,72,1.0,23,0.0
272,3214,0.018488856933135314,0.02072538860103627,13.033459823207759,0.0,0,0.0,0,0.0018633540372670807
273,76823,0.4419320025433273,0.20725388601036268,9.12327768599832,1.8850950763559335,192,1.0,57,5.206502922149765e-05
274,2842,0.0163488896714283,0.02072538860103627,10.249250789786396,7.17408319374568,1,0.0,0,0.0
275,1310,0.007535906217301574,0.02072538860103627,13.20945425035504,0.0,0,0.0,0,0.0
276,1257,0.007231018408509983,0.02072538860103627,15.505379190088474,0.0,0,0.0,0,0.0
277,38977,0.22421909666546827,0.23316062176165803,27.969098128810053,0.038141497276891236,1,0.0,0,0.0015625800502074901
278,83085,0.47795478478206205,0.19170984455958548,8.465044713297202,1.737559370448037,207,1.0,99,0.0
279,18598,0.10698685788501883,0.08290155440414508,12.08140105627926,1.6752594215771086,10,1.0,3,0.0
280,19134,0.11007025157393001,0.14507772020725387,13.235544937605093,0.6330864347091275,4,0.7755666069046125,2,0.0
281,13343,0.07675694401332435,0.12435233160621761,13.572075051931014,0.9764024005476939,3,0.0,0,0.0
282,2450,0.014093870406403707,0.04145077720207254,16.633611570008405,0.0,0,0.0,0,0.0
283,9209,0.0529756949275803,0.02072538860103627,8.054600961682558,14.34857937720784,21,1.0,11,0.0
284,20505,0.1179570664013502,0.10362694300518134,11.726282992719586,1.7915888910010187,13,0.5839317128907907,2,0.0
285,20647,0.11877393562490504,0.08808290155440414,12.545598139158825,1.9029556900206641,14,1.0,6,0.0
286,1571,0.00903733486059601,0.02072538860103627,13.871480740805147,0.0,0,0.0,0,0.0
287,13060,0.07512895816638057,0.025906735751295335,9.373337101121642,11.210942931160771,33,1.0,5,0.0005357006198821459
288,2250,0.012943350373227894,0.025906735751295335,14.030948033504332,0.0,0,0.0,0,0.0
289,446,0.0025656596739820625,0.02072538860103627,15.299788934596883,0.0,0,0.0,0,
290,20289,0.11671450476552032,0.10362694300518134,8.286554401687459,3.941407175187603,28,1.0,12,0.0012306783499064684
291,2353,0.013535868190313438,0.02072538860103627,8.080420374776534,0.0,0,0.0,0,0.04813915857605178
292,967889,5.567878421952521,1.0,11.028375937803364,0.08467727930916877,1369,0.048786224957080515,513,1.7563689035918777e-05
293,679,0.0039060155126318845,0.019689119170984457,19.98682530720005,0.0,0,0.0,0,0.0
294,6857,0.03944557933743274,0.06217616580310881,22.51119250292909,16.020999585833966,13,1.0,5,0.0
295,10977,0.06314629202085449,0.02072538860103627,7.9610164185595576,7.213374603367537,15,1.0,5,0.0010010921004732435
296,4182,0.024057373893706244,0.02072538860103627,7.549319856575196,3.3131911975058834,1,0.0,0,0.0
297,636,0.003658653705499085,0.02072538860103627,10.672033496982534,0.0,0,0.0,0,0.0
298,26326,0.15144295196693225,0.16476683937823836,22.562415468671645,0.5852519129606673,7,1.0,4,0.0
299,87800,0.5050782945641819,0.24870466321243523,7.739124559936346,1.0222672139633056,136,1.0,57,0.00019358438571119487
300,4618,0.026565507566029517,0.02072538860103627,9.27052063796305,5.434213466097777,2,1.0,1,0.0
301,18296,0.10524957263492335,0.04145077720207254,7.627128524075108,5.019959929505505,29,1.0,8,0.0008191797280323303
302,159140,0.9154687903979942,0.35233160621761656,9.030361875287147,0.6475037439263704,283,0.4913859093844962,108,0.0
303,2227,0.012811040569412676,0.02072538860103627,8.417478434898253,23.367062351642215,2,0.0,0,0.0
304,392,0.002255019265024593,0.02072538860103627,18.87870457671117,377.08774787125736,1,1.0,1,
305,2998,0.017246295297305436,0.02072538860103627,7.832287973670878,19.34071625542964,3,1.0,2,0.0036556995679627785
306,13242,0.07617593139657057,0.04145077720207254,7.419273662114362,4.956768632539632,15,1.0,2,0.0
307,44833,0.2579063232368561,0.18652849740932642,10.74456723097975,1.3549298555396532,47,1.0,22,0.0
308,7744,0.044548135684567475,0.14507772020725387,8.694606639364773,0.0,0,0.0,0,0.0
309,2517,0.014479294617517605,0.02072538860103627,8.17204266984692,9.146356494374428,1,1.0,1,0.0
310,1500,0.008628900248818596,0.04145077720207254,23.78963338326293,0.0,0,0.0,0,0.0
311,33139,0.1906354168970663,0.14507772020725387,6.969625015300289,0.9497477269760228,18,1.0,7,0.0
312,36105,0.2076976289890636,0.16580310880829016,11.795837333364071,0.26670496924656123,6,0.0690609496982526,1,0.0
313,4857,0.027940379005674615,0.04145077720207254,20.415574455986924,4.912565393637815,2,0.0,0,0.001644398766700925
314,1366,0.0078580518265908,0.02072538860103627,9.96541870676157,31.053685986641106,1,1.0,1,0.0
315,5768,0.03318099775679044,0.06217616580310881,10.37687068332875,1.7416627057867478,1,0.0,0,0.0
316,10219,0.05878582109511816,0.04145077720207254,8.10112983185892,6.103661533502293,11,1.0,4,0.0
317,2717,0.015629814650693418,0.02072538860103627,24.74731605465423,39.24689318219333,5,0.0,0,0.0
318,3028,0.017418873302281805,0.06217616580310881,25.247589779636495,37.91875456258249,6,1.0,2,0.0
319,4156,0.02390780628939339,0.02072538860103627,12.444508508301857,3.3547756185896853,1,0.0,0,0.0
320,2760,0.015877176457826218,0.02072538860103627,10.179563889327547,22.820105422530283,3,1.0,2,0.0
321,2345,0.013489847388986405,0.02072538860103627,7.2308319767646685,10.53728828090232,1,0.0,0,0.004246284501061571
322,3995,0.02298163766268686,0.06217616580310881,11.35674877044693,0.0,0,0.0,0,0.002247752247752248
323,61222,0.3521856873554481,0.3316062176165803,21.474551316279136,0.9121190818475824,59,0.40780502291208043,14,0.0
324,2719,0.015641319851025175,0.02072538860103627,27.564939954091116,0.0,0,0.0,0,0.0018355359765051395
325,240,0.0013806240398109753,0.02072538860103627,9.375341555707848,0.0,0,0.0,0,
326,6549,0.03767377848634199,0.02072538860103627,9.182950032851071,13.510287002816588,10,1.0,5,0.0
327,29287,0.16847640105810016,0.12435233160621761,8.788449466415567,1.0133419935109238,15,1.0,6,0.0
328,34249,0.19702080308119208,0.35233160621761656,8.530941346970671,0.24699534541306184,5,0.07706837048881954,1,0.0
329,208,0.0011965408345028454,0.02072538860103627,10.730155085135273,0.0,0,0.0,0,
330,857,0.004929978342158358,0.02072538860103627,22.33546178810504,0.0,0,0.0,0,0.0
331,12300,0.07075698204031249,0.02072538860103627,8.592423534689711,17.235220609425607,45,1.0,21,0.000243842965130456
332,4551,0.02618008335491562,0.02072538860103627,12.805394144024788,0.0,0,0.0,0,0.0
333,3678,0.0211580634101032,0.04145077720207254,22.284562351466295,0.0,0,0.0,0,0.0
334,2561,0.014732409024816283,0.03626943005181347,27.569947712717454,0.0,0,0.0,0,0.0
335,12835,0.07383462312905778,0.04145077720207254,8.269168545509915,4.924371911961273,14,1.0,2,0.0
336,4464,0.025679607140484142,0.02072538860103627,8.935800627307279,5.815622118413747,2,1.0,1,0.0
337,35246,0.2027561454465735,0.10362694300518134,10.791422616763848,2.7986341704270385,60,1.0,24,0.0
338,57380,0.3300841975181407,0.20725388601036268,7.956640712377161,2.9214708412201977,166,1.0,67,0.0014965370827967842
339,2578,0.014830203227636228,0.02072538860103627,10.837223403249022,0.0,0,0.0,0,0.0019357336430507162
340,1769,0.010176349693440064,0.02072538860103627,7.308119920601333,18.516499594929726,1,1.0,1,0.0
341,1303,0.00749563801614042,0.02072538860103627,11.64521298784838,34.12916982351306,1,0.0,0,0.0
342,2798,0.01609577526412962,0.02072538860103627,16.982896792528813,7.401489638633039,1,0.0,0,0.0
343,6829,0.03928450653278813,0.08290155440414508,12.393389689952249,8.697578764999244,7,1.0,1,0.0
344,13865,0.07975980129991322,0.02072538860103627,10.73630681301519,9.344079005908192,31,1.0,16,0.00021632535333141045
345,2546,0.014646120022328096,0.02072538860103627,13.390716280724423,8.939181540239158,1,0.0,0,0.0
346,22621,0.13012956835235032,0.08290155440414508,9.876977056363035,3.28389266947147,29,1.0,13,0.0
347,3359,0.019322983957187775,0.02072538860103627,11.122900420563983,10.271279416824283,2,0.0,0,0.0
348,3407,0.01959910876514997,0.02072538860103627,9.366836804051827,0.0,0,0.0,0,0.0
349,5736,0.03299691455148231,0.02072538860103627,14.523110160434852,10.566898135990717,6,1.0,3,0.0
350,3060,0.017602956507589935,0.02072538860103627,7.851976998611127,18.564914676691302,3,0.0,0,0.0019569471624266144
351,150993,0.8686023568465775,0.18652849740932642,10.107761239743317,1.0903306486600761,429,1.0,147,0.0
352,4293,0.024695912512118823,0.04145077720207254,11.536572036322566,3.1440741423811387,1,0.0,0,0.0011633317822242904
353,2387,0.013731456595953326,0.02072538860103627,10.322119401655648,30.509210722067998,3,1.0,2,0.0
354,493,0.0028360318817783788,0.02072538860103627,14.237563837015509,0.0,0,0.0,0,
355,1175,0.0067593051949079,0.04145077720207254,14.874558623637364,0.0,0,0.0,0,0.0
356,8276,0.047608518972815136,0.04145077720207254,8.011651821955681,4.230031448328411,5,1.0,3,0.004929662137790069
357,50740,0.2918869324167037,0.16580310880829016,9.654700867304408,1.6880095270589155,75,1.0,20,0.0
358,2824,0.016245342868442477,0.02072538860103627,7.598950995296437,14.531657948284456,2,0.0,0,0.015684907633321716
359,2263,0.013018134175384322,0.08290155440414508,16.166951320217215,0.0,0,0.0,0,0.0
360,4627,0.02661728096752243,0.02072538860103627,10.071622077553217,13.532734491181047,5,1.0,1,0.0006479481641468683
361,68575,0.39448455637515684,0.18652849740932642,8.31265286490759,1.0596961939497085,86,0.8028193818217723,26,0.00027699215674840364
362,1434,0.008249228637870578,0.02072538860103627,12.670747841538589,0.0,0,0.0,0,0.0
363,7602,0.04373126646101264,0.04145077720207254,7.453776559786218,0.0,0,0.0,0,0.0
364,14034,0.08073199072794679,0.20725388601036268,21.808367959346906,9.414593864362569,32,1.0,7,0.0
365,2051,0.011798582940217961,0.02072538860103627,17.01346418878639,0.0,0,0.0,0,0.0
366,300988,1.7314636187276078,0.22797927461139897,7.9660391215356166,0.8839429501951287,1382,1.0,531,0.00010962690310642779
367,19348,0.11130130800942813,0.04145077720207254,15.620920952074098,5.41764373953482,35,1.0,10,0.0
368,68014,0.39125734768209863,0.18652849740932642,7.418389705910981,1.0020927236494612,80,0.18649295899278984,9,0.0
369,5968,0.03433151778996625,0.04145077720207254,10.918675431592309,4.880655808488286,3,1.0,2,0.0
370,9076,0.05221059910551838,0.06217616580310881,14.816218375830681,2.813750419254248,4,0.0,0,0.0
371,23393,0.13457057568040895,0.16580310880829016,16.22822331394982,0.0,0,0.0,0,0.0
372,29190,0.16791839884200987,0.37409326424870465,22.634540567367587,0.06800586450691319,1,0.10782153888403001,1,0.0
373,18004,0.10356981338648667,0.12435233160621761,11.144186448179454,1.4301004202746443,8,1.0,3,0.0
374,142414,0.819250800023501,0.16580310880829016,9.701105261780857,2.071319973284438,725,1.0,204,0.0
375,25525,0.14683511923406312,0.12435233160621761,8.501803593177506,2.223427961443914,25,0.5532719687772091,3,0.00019584802193497845
376,1816,0.01044672190123638,0.02072538860103627,11.965998398845656,0.0,0,0.0,0,0.0038398244651673065
377,126070,0.7252303029123736,0.3160621761658031,7.666712057210288,0.7619690586504659,209,0.483088768639634,67,7.138381490969947e-05
378,8863,0.050985295270186144,0.02072538860103627,7.963735250201122,13.277782867208664,18,1.0,12,0.0019144144144144144
379,14799,0.08513272985484427,0.10362694300518134,10.989813731911314,1.322878078491096,5,0.5458269570908657,1,0.0
380,2316,0.013323021984175912,0.02072538860103627,15.61991929244255,10.802827609258877,1,0.0,0,0.0
381,400,0.0023010400663516254,0.02072538860103627,15.53415538086684,0.0,0,0.0,0,
382,1751,0.01007280289045424,0.02072538860103627,12.58766861884273,0.0,0,0.0,0,0.0
383,4743,0.0272845825867644,0.02072538860103627,10.302170680309318,0.0,0,0.0,0,0.0
384,3423,0.019691150367804035,0.04145077720207254,14.607868059841305,0.0,0,0.0,0,0.0
385,29452,0.1694255800854702,0.21243523316062177,15.405085488537859,0.33400654458792145,5,0.22592497360107644,2,0.0003733496249533313
386,5293,0.030448512677997887,0.02072538860103627,8.766476456609205,8.27314734440336,4,0.0,0,0.0007551444213705871
387,30564,0.17582247146992772,0.21243523316062177,21.86093655604438,0.18608674036120182,3,0.09782858633250957,1,0.0
388,185926,1.0695579384412308,0.19170984455958548,7.320586325612645,1.1180471984432065,667,1.0,204,0.0
389,1930,0.011102518320146594,0.02072538860103627,10.077279355843622,0.0,0,0.0,0,0.0
390,6731,0.03872075171653198,0.02072538860103627,9.822706928062386,20.46328521114777,16,1.0,3,0.0
391,87344,0.502455108888541,0.17098445595854922,7.954412182561311,2.1874638754060687,288,1.0,82,4.5793836149654256e-05
392,3164,0.018201226924841357,0.02072538860103627,11.554939335840293,17.364523122272637,3,1.0,1,0.0
393,688,0.003957788914124796,0.02072538860103627,19.549397749517297,0.0,0,0.0,0,0.0
394,2416,0.01389828200076382,0.046632124352331605,19.204398140143514,0.0,0,0.0,0,0.0
395,676,0.0038887577121342475,0.02072538860103627,10.329605904361037,0.0,0,0.0,0,0.013138686131386862
396,748,0.00430294492407754,0.016580310880829015,22.0549370267467,0.0,0,0.0,0,0.0
397,3889,0.02237186204510368,0.06217616580310881,9.833772025883524,0.0,0,0.0,0,0.0015404364569961489
398,98137,0.5645429224788737,0.29015544041450775,13.379942395106003,0.0902485555232491,15,0.036775646289297415,4,0.00014263736487656775
399,22035,0.1267585446551452,0.06217616580310881,13.34648042389463,1.6707692815258772,14,1.0,6,0.0
400,3129,0.01799988591903559,0.04145077720207254,13.765642592458235,5.918387947110805,1,1.0,1,0.0
401,429486,2.4706612348427357,0.7253886010362695,8.848480241935949,0.3782187190487714,1204,0.24796869125557586,461,2.0954842314811582e-05
402,3587,0.020634576795008203,0.02072538860103627,16.47533442585318,0.0,0,0.0,0,0.0
403,305767,1.7589552949203437,0.41450777202072536,10.374598370800998,0.7784361046553268,1256,0.6554983069059229,474,0.0001831124539357733
404,8412,0.04839087259537469,0.08290155440414508,10.471505425584867,14.739696217775524,18,1.0,7,0.0
405,3636869,20.921453212680426,0.6632124352331606,19.56504529616725,0.0005870350577199596,134,0.00042065090300236196,64,0.0001698975144103608
406,2627,0.0151120806357643,0.02072538860103627,9.833727426580388,25.189274837010966,3,1.0,1,0.0
407,2442,0.014047849605076674,0.02072538860103627,15.841838750059022,9.716799391901766,1,1.0,1,0.0
408,1207,0.0069433884002160304,0.02072538860103627,11.555034345445495,0.0,0,0.0,0,0.0
409,1146,0.006592479790097408,0.02072538860103627,7.701463760751915,0.0,0,0.0,0,0.0
410,5422,0.031190598099396286,0.04145077720207254,18.911879406691856,3.9420808300900747,2,0.0,0,0.0
411,5021,0.02888380543287878,0.02072538860103627,7.715384100964679,6.895334955333254,3,1.0,2,0.0019876764062810573
412,1325,0.00762219521978976,0.02072538860103627,12.590607030925561,0.0,0,0.0,0,0.0
413,2551,0.014674883023157493,0.02072538860103627,7.864964982970177,17.808348019151413,2,0.0,0,0.0
414,1434,0.008249228637870578,0.02072538860103627,11.22925296748122,0.0,0,0.0,0,0.006237006237006237
415,8587,0.04939757762440352,0.04145077720207254,8.556417246830065,2.3575064235314054,3,1.0,2,0.0
416,16338,0.09398598151013215,0.14507772020725387,19.6941788960943,0.43415696041463836,2,0.0,0,0.0
417,4865,0.027986399807001648,0.04145077720207254,10.14554391250321,4.89642224449775,2,1.0,2,0.0
418,1325,0.00762219521978976,0.02072538860103627,13.049901592599118,0.0,0,0.0,0,0.0
419,5997,0.034498343194776744,0.08290155440414508,9.930069089099055,14.500699997044268,9,1.0,4,0.013489060700773154
420,2262,0.013012381575218442,0.02072538860103627,7.907174408763831,33.974307195627965,3,0.0,0,0.0
421,1690,0.009721894280335618,0.02072538860103627,11.968148552775874,0.0,0,0.0,0,0.0
422,7231,0.04159705179947151,0.02072538860103627,8.575596604582948,13.298390413443636,12,1.0,6,0.0
423,4244,0.024414035103990747,0.02072538860103627,9.467092115220908,3.2170944048796772,1,1.0,1,0.0
424,1398,0.008042135031898932,0.02072538860103627,11.844742411382475,0.0,0,0.0,0,0.0
425,2716,0.015624062050527538,0.02072538860103627,12.722472075659532,7.8551598026109515,1,0.0,0,0.0
426,24217,0.1393107182170933,0.12435233160621761,8.495264907914386,2.964115531347049,30,1.0,12,0.0003715016923965987
427,4014,0.023090937065838563,0.02072538860103627,10.390872584009056,7.192664698081986,2,0.0,0,0.0
428,7006,0.04030271676214872,0.02072538860103627,8.095660410231792,5.9026127852331545,5,1.0,2,0.0
429,26355,0.15160977737174272,0.08290155440414508,14.251318578297813,0.0,0,0.0,0,0.0
430,3519,0.020243399983728427,0.04145077720207254,16.090917920127815,0.0,0,0.0,0,0.0
431,1985,0.011418911329269942,0.02072538860103627,10.560198902173306,0.0,0,0.0,0,0.0
432,1665,0.009578079276188641,0.02072538860103627,13.207258231998855,0.0,0,0.0,0,0.0
433,192522,1.107502089135369,0.3316062176165803,14.708765917065996,0.1907276497362522,122,0.09607021444132535,39,0.0
434,14961,0.08606465108171668,0.16580310880829016,18.942015449597253,1.035507625199739,4,1.0,3,0.0
435,153565,0.8833980444732185,0.16580310880829016,9.504376937110209,1.7224557973495425,701,1.0,284,2.6046923532744238e-05
436,1817,0.01045247450140226,0.04145077720207254,9.27536087605774,0.0,0,0.0,0,0.004928806133625411
437,1357,0.00780627842509789,0.02072538860103627,11.382736267014,31.46696524795902,1,0.0,0,0.0
438,3316,0.019075622150054976,0.02072538860103627,9.594202197554154,10.5393907830166,2,1.0,1,0.0
439,5443,0.03131140270287974,0.04145077720207254,11.899055926190803,0.0,0,0.0,0,0.0
440,2956,0.017004686090338512,0.02072538860103627,8.985054040365945,13.262814396646734,2,1.0,1,0.0
441,1361,0.007829288825761406,0.02072538860103627,10.244719561971129,62.56454652178417,2,0.0,0,0.0
442,94670,0.544598657703771,0.06217616580310881,9.438268202175582,4.215386470612332,652,1.0,231,0.0
443,542313,3.1197098537583727,0.46113989637305697,10.226422397453131,0.1182131461218381,600,0.05344179713406816,176,3.8721525849384325e-05
444,5937,0.034153187184824005,0.02072538860103627,12.834406199422396,11.507434139601694,7,1.0,1,0.0011776581426648722
445,9676,0.05566215920504582,0.02072538860103627,16.37812395992763,10.521357022415803,17,1.0,11,0.0
446,8049,0.046302678735160585,0.02072538860103627,16.103030072702857,0.0,0,0.0,0,0.0
447,2027,0.011660520536236863,0.02072538860103627,25.29268361032128,0.0,0,0.0,0,0.0
448,214880,1.2361187236440934,0.39896373056994816,7.437404935125865,0.7843367828902762,625,0.48804692143046147,196,0.0
449,305009,1.7545948239946074,0.39896373056994816,15.123812901945383,0.4061036031118525,652,0.2816413771552009,259,0.0
450,12753,0.0733629099154557,0.02072538860103627,8.257604473329103,22.801835616748555,64,1.0,17,0.006853048827972899
451,2969,0.017079469892494942,0.02072538860103627,9.796320165648082,13.146924118867657,2,0.0,0,0.0
452,10531,0.06058063234687242,0.10362694300518134,16.161104834688235,2.6124340438348463,5,1.0,2,0.0
453,21532,0.12386498677170801,0.06217616580310881,11.670997206511972,5.999113116984022,48,1.0,24,0.0
454,124782,0.7178209538987214,0.20725388601036268,8.447119384344038,1.4699676155788284,395,1.0,111,0.0
455,1443,0.00830100203936349,0.04145077720207254,17.801881931309108,0.0,0,0.0,0,0.0
456,20985,0.12071831448097216,0.04145077720207254,7.9683215309711715,3.684297064564001,28,1.0,10,0.0
457,13849,0.07966775969725916,0.02072538860103627,8.730068902455175,2.4169502567022714,8,0.0,0,0.0020896382764087045
458,560865,3.226432092035761,0.27461139896373055,8.661921921299415,0.4420883993318496,2400,0.26237113790942934,825,0.00030479327529784185
459,58330,0.3355491676757258,0.06217616580310881,7.797195149150457,1.5497869346119981,91,1.0,48,0.0
460,19355,0.11134157621058928,0.02072538860103627,8.296615683686714,3.866946941797864,25,1.0,8,0.001083815028901734
461,1440,0.008283744238865852,0.02072538860103627,20.183438919272916,0.0,0,0.0,0,0.0
462,2089,0.012017181746521366,0.02072538860103627,12.879319135893603,0.0,0,0.0,0,0.0
463,2900,0.016682540481049286,0.09740932642487046,23.142932005973123,0.0,0,0.0,0,0.0
464,2484,0.014289458812043595,0.02072538860103627,9.664786859133898,18.78197977162986,2,1.0,1,0.0
465,9678,0.05567366440537758,0.12435233160621761,11.079817608066227,0.0,0,0.0,0,0.0
466,7338,0.04221258001722057,0.04145077720207254,12.696509404325052,6.456696777835299,6,1.0,1,0.0
467,70264,0.40420069805532655,0.10362694300518134,8.324292328440325,2.159566785549988,184,1.0,58,0.00018498228438891813
468,14832,0.08532256566031828,0.04145077720207254,8.070054631321558,5.794791348265785,22,1.0,9,0.0032258064516129032
469,3433,0.019748676369462828,0.04145077720207254,11.960466274816335,4.9166234586353506,1,0.0,0,0.0
470,4021,0.023131205266999716,0.04145077720207254,15.960063427698474,0.0,0,0.0,0,0.0
471,2268,0.013046897176213717,0.02072538860103627,13.37882887008462,11.264928910648749,1,0.0,0,0.0017605633802816902
472,2124,0.012218522752327132,0.058031088082901555,20.680171229467398,0.0,0,0.0,0,0.0
473,10283,0.05915398750573442,0.04145077720207254,12.225468392664867,6.575914081807389,12,1.0,2,0.000971534052268532
474,1643,0.009451522072539301,0.02072538860103627,12.648271577899452,21.46542190235448,1,0.0,0,0.0
475,2510,0.01443902641635645,0.02072538860103627,16.61423078166432,9.197443165805128,1,0.0,0,0.0
476,433252,2.492325527067436,0.689119170984456,7.400067360899299,0.36210241018372274,1173,0.165589156099485,328,2.5388736171794038e-05
477,5745,0.03304868795297522,0.02072538860103627,7.5215476378906345,3.511272098045003,2,0.0,0,0.0
478,6751,0.038835803719849564,0.02072538860103627,9.281308969791965,3.81416603590707,3,0.0,0,0.0008879680331508066
479,1711,0.009842698883819079,0.02072538860103627,7.923111018997018,0.0,0,0.0,0,0.0
480,309838,1.7823741301956375,0.6010362694300518,7.588739903720067,0.6452424027951856,1069,0.46132291910059287,392,0.15613646143706117
481,545656,3.1389407961129066,0.2694300518134715,6.938489970487569,0.5239040325638538,2692,0.22724738628505603,690,0.0002455156745268327
482,72647,0.41790914425061637,0.16580310880829016,7.778227618422919,0.9991267324152953,91,0.8911299755367394,30,6.882122997302208e-05
483,13123,0.07549137197683095,0.02072538860103627,7.234714390931784,4.374129639997166,13,1.0,3,0.018327348892878514
484,535544,3.0807705032355375,0.772020725388601,7.068864566321092,0.1953667778602006,967,0.07624495065925763,242,0.14504742960590802
485,461,0.0026519486764702486,0.019689119170984457,19.200582333098364,0.0,0,0.0,0,
486,7473,0.042989181039614244,0.02072538860103627,6.653162800098559,4.150348664184428,4,1.0,2,0.006646284726837697
487,1702,0.009790925482326168,0.02072538860103627,11.205275630992118,0.0,0,0.0,0,0.0
488,150312,0.8646848361336139,0.5025906735751295,6.946478690624346,0.8360742521672407,326,0.5360833622958486,102,0.0001197365795250449
489,159352,0.9166883416331606,0.2694300518134715,6.7868720519840355,0.17570747743329723,77,0.08583256510450432,24,0.0169464339693644
490,48456,0.2787479936378359,0.08290155440414508,7.466210337004367,0.8637488434295281,35,1.0,14,0.0004331951234606102
491,4100,0.023585660680104162,0.02072538860103627,7.5234869367936215,10.341132365655364,3,1.0,1,0.0
492,2809,0.01615905386595429,0.02072538860103627,9.973974126186851,22.030904715018853,3,0.0,0,0.0
493,5434,0.031259629301386836,0.02072538860103627,9.233986111331907,1.9623446591096667,1,1.0,1,0.0
494,5279,0.030367976275675578,0.02072538860103627,7.931698656757809,2.079271648237439,1,0.0,0,0.0
495,3636,0.020916454203136276,0.06217616580310881,7.184721813408334,4.382952930728839,1,1.0,1,0.0013732491073880802
496,4100,0.023585660680104162,0.06217616580310881,7.25693473373291,20.682264731310728,6,1.0,3,0.01890404402967217
497,1009,0.005804373567371976,0.02072538860103627,6.8966249148238115,0.0,0,0.0,0,0.0
498,900935,5.182718830446254,0.47668393782383417,7.042534526816958,0.18268291119303795,2559,0.0998613232521035,886,1.1099456681595436e-05
499,619553,3.564040690570872,1.0,7.787009024914029,0.07442255000870382,493,0.021516633988628242,94,0.0
500,961618,5.531803866312294,0.7046632124352331,8.652053606044763,0.029764801960778575,475,0.00963380446263129,102,8.319242616152225e-06
501,28505,0.16397786772838271,0.06217616580310881,7.5992411073725545,1.354958725734794,19,0.24361498088844924,2,7.015820675623532e-05
502,18008,0.10359282378715018,0.04145077720207254,7.43191578035867,1.6081483196371977,9,1.0,3,0.0
503,2763,0.015894434258323854,0.02072538860103627,8.042794244460035,0.0,0,0.0,0,0.0
504,139156,0.800508828683067,0.18652849740932642,7.596226964054783,0.44885073605819825,150,0.21071843952166636,42,0.0
505,41989,0.24154592836509603,0.12435233160621761,7.573477554944098,0.854509391833066,26,0.28795097612313203,5,0.0
506,10406,0.05986155732613754,0.02072538860103627,6.944116884553167,7.4916063376080135,14,1.0,5,0.0014394012090970156
507,2933,0.016872376286523296,0.02072538860103627,8.651414127195112,0.0,0,0.0,0,0.0
508,6357,0.03656927925449321,0.02072538860103627,6.672104174703407,2.867742341477975,2,1.0,1,0.0
509,89193,0.5130916665952514,0.12435233160621761,7.019038337310698,0.45887411720433907,63,0.15387053573222276,13,0.0
510,14303,0.08227944017256825,0.02072538860103627,7.166425246223885,4.248655691902131,15,1.0,3,0.0004193165140820463
511,22007,0.12659747185050058,0.06217616580310881,6.625715149218483,1.0768008218669929,9,0.19933378195967189,1,0.00031797946761151995
512,310561,1.786533260115568,0.2538860103626943,7.547958056387252,0.20667082135532158,344,0.05275907151679671,57,1.6099637436164937e-05
513,199382,1.1469649262732995,0.23316062176165803,7.700865635666199,0.3527426925351424,242,0.18289296324634108,76,0.000260737888223673
514,31240,0.17971122918206195,0.025906735751295335,6.198986396664287,5.224866250283033,88,1.0,36,0.0018850442506150357
515,11480,0.06603984990429165,0.025906735751295335,9.455936203442432,3.0777179659688585,7,1.0,4,0.0
516,359316,2.0670012812030016,0.20725388601036268,14.007337160102042,0.16112238864347211,359,0.06326355082668067,91,5.844096210521043e-05
517,1957198,11.258977539458172,1.0,9.829091311639068,0.014143491705436875,935,0.006236532829621,274,0.0
518,26798,0.15415817924522715,0.02072538860103627,6.651472470573392,1.6137631191928918,20,0.8218367925629289,4,0.0
519,597836,3.439111472768476,0.7046632124352331,6.111868023818943,0.08657483766487169,534,0.026368744183622117,107,0.0
520,5563,0.032001714722785235,0.02072538860103627,6.453932011966467,11.234343180210422,6,0.0,0,0.0008979885057471264
521,1286985,7.4035101244838675,0.8290155440414507,8.582072960296953,0.1687271020472839,4823,0.10196361473566062,1844,3.108029672359282e-06
522,112673,0.6481627184900918,0.10362694300518134,7.892353827188661,0.8489610868362952,186,1.0,94,0.0
523,227040,1.3060703416611827,0.49740932642487046,6.855017622888599,0.10229424278695665,91,0.029087923889613787,17,0.00023338456051045167
524,455761,2.6218108042012083,0.39378238341968913,20.34682412031885,0.04017008301255563,144,0.03578925813490974,84,0.0
525,866637,4.985416149956935,0.5803108808290155,7.835727720399278,0.04659904763475359,604,0.012929180246932903,111,6.807461901289495e-05
526,21219,0.12206442291978786,0.02072538860103627,14.16383807743222,0.0,0,0.0,0,0.0
527,9043,0.052020763300044376,0.017616580310880828,24.867253544548074,0.0,0,0.0,0,0.0
528,431054,2.479681311902834,0.39896373056994816,8.184841998551287,0.23233116466691947,745,0.12686351649704697,254,4.639768382762332e-06
529,373958,2.151230852831803,0.39896373056994816,8.76816791295325,0.13383552944335148,323,0.04710232948365989,74,0.0
530,49545,0.2850125752184782,0.10362694300518134,7.251798402175065,1.109462808246038,47,0.6124452295908817,12,0.0
531,584848,3.364396701814039,0.39896373056994816,6.620941139593002,0.21124916018991016,1247,0.06378255879814454,243,4.4454019156262715e-05
532,51705,0.297438191576777,0.12435233160621761,6.5388309479097755,0.6502355737120376,30,0.35595964128079194,9,0.000212700131487354
533,36911,0.21233422472276214,0.06217616580310881,6.205101144941292,0.38277665469241956,9,0.0,0,0.0
534,37846,0.21771290587785905,0.08808290155440414,8.110244136018377,0.6877387692896292,17,0.6121336005546583,7,0.0
535,85675,0.4928540192116888,0.24870466321243523,6.561733796973136,0.44996753973996023,57,0.18241515992655288,14,2.3343487750504804e-05
536,987469,5.680514333200433,1.0,6.996894306442669,0.13786549981191162,2320,0.06152546240943968,669,4.050743665902764e-06
537,3977,0.022878090859701036,0.02072538860103627,6.446766647776501,3.6635605504146254,1,0.0,0,0.0
538,3944,0.02268825505422703,0.02072538860103627,5.586896753496702,3.7251240804894845,1,0.0,0,0.0007600709399543957
539,3430327,19.73329966921943,0.5803108808290155,6.78927197795025,0.1707250915059666,34670,0.08151514036448038,10586,0.0005224176310851602
540,292479,1.6825147439161428,0.538860103626943,7.792174908368223,0.12057164321819928,178,0.05430952738829786,52,0.0
541,713,0.0041016039182717725,0.02072538860103627,5.623943505345211,0.0,0,0.0,0,0.0
542,42118,0.24228801378649442,0.04145077720207254,7.9506837946793425,1.306589207698819,40,0.22024155170312243,4,0.0007117775457910221
543,58509,0.33657888310541817,0.04145077720207254,6.93813657400774,3.368389316764935,199,1.0,30,0.0006831884404515876
544,207313,1.1925887981888863,0.37305699481865284,10.481828851472548,0.06875933365717311,51,0.045527720195999266,22,0.0
545,822713,4.732738940270862,0.46113989637305697,7.327262942091283,0.3327609663421247,3887,0.17351549273347167,1234,1.7016580226490682e-05
546,241378,1.3885511228395566,0.46113989637305697,7.170183131512045,0.16011980879580226,161,0.10052811660747185,64,1.2428484429180425e-05
547,141388,0.8133486322533091,0.18652849740932642,6.96611828853857,1.1130653870943805,384,0.6155402322662814,98,0.0
548,8916,0.05129018307897774,0.02072538860103627,14.794531476563225,0.0,0,0.0,0,0.0
549,311523,1.7920672614751436,0.39896373056994816,8.787262986011052,0.16479476251251374,276,0.05242472745486537,57,2.8889488078271254e-05
550,11362,0.06536104308471792,0.06217616580310881,7.456653649101933,0.8977077646588647,2,0.0,0,0.0
551,27389,0.15755796594326169,0.08290155440414508,6.289495305410969,1.2358967393483882,16,0.7296715969626781,4,0.0
552,34164,0.19653183206709235,0.10362694300518134,7.479837056765859,0.19858073817979272,4,0.07746845779390532,1,0.0
553,3748,0.021560745421714732,0.02072538860103627,12.026454998123002,4.124918682271875,1,0.0,0,0.0
554,3596,0.020686350196501113,0.02072538860103627,7.616285850998619,0.0,0,0.0,0,0.0
555,42440,0.24414035103990747,0.17098445595854922,10.879376762225483,0.19302566429278065,6,0.0,0,0.00023557126030624264
556,20706,0.1191133390346919,0.08290155440414508,14.316482195333212,0.135151894076716,1,0.0,0,0.0008685581933989577
557,4846,0.027877100403849945,0.02072538860103627,7.643929294793394,9.869785802023646,4,1.0,2,0.0
558,10533,0.06059213754720418,0.04145077720207254,6.68024024876036,5.2228840861353945,10,1.0,2,0.007163728909416533
559,8831,0.05080121206487801,0.04145077720207254,14.907032450097653,0.0,0,0.0,0,0.0
560,8381,0.048212541990232435,0.02072538860103627,6.194305872991177,8.24940972841962,10,1.0,3,0.0
561,9017,0.05187119569573152,0.02072538860103627,7.696142707457328,7.839405000734662,11,1.0,3,0.0
562,16630,0.09566574075856883,0.025906735751295335,7.1645739138246425,2.514266468371126,12,1.0,2,0.0
563,1119903,6.442354183568462,0.3160621761658031,8.613065482410658,0.06163246948026668,1334,0.026904546283172737,383,1.6965467237896927e-05
564,3199,0.018402567930647127,0.02072538860103627,8.27368703681667,5.66221134563375,1,0.0,0,0.0
565,351278,2.020761881069666,0.45595854922279794,9.039469475317217,0.4075983132337405,868,0.17953061232199274,232,0.0002276879991347856
566,18342,0.10551419224255379,0.08290155440414508,8.218676934467995,3.444698161534563,20,1.0,6,0.0
567,159252,0.9161130816165727,0.35233160621761656,7.889086170579595,0.9116280111364666,399,0.4514959314063729,102,8.162496468150566e-05
568,5266,0.03029319247351915,0.02072538860103627,7.499876421495531,6.268651134742474,3,1.0,1,0.0013275175421960932
569,4301,0.024741933313445853,0.02072538860103627,8.248718550315122,12.529555438033155,4,1.0,2,0.0
570,257913,1.483670366582367,0.35233160621761656,8.762202851892356,0.4660385813668688,535,0.290441747768328,190,0.0002907111958695753
571,85455,0.4915884471751954,0.12435233160621761,9.410220864268311,1.856758651631344,234,1.0,87,0.00030416115862004424
572,2462853,14.16780857633575,0.2694300518134715,12.238407854329312,0.05307619866837563,5556,0.027562776897213093,1897,0.0
573,23283,0.13393778966216224,0.08290155440414508,9.32740405336352,4.0618162816983805,38,1.0,12,0.00051513200257566
574,22774,0.1310097161777298,0.04145077720207254,8.25364505958758,4.692293980235398,42,1.0,19,0.0010965393219000833
575,28938,0.16646874360020836,0.06217616580310881,9.108358024777777,7.403913033696291,107,1.0,39,0.0
576,11534,0.06635049031324912,0.04145077720207254,8.160450038996652,3.0489668441920013,7,1.0,3,0.0
577,19053,0.1096042909604938,0.02072538860103627,12.766386102525077,0.7981009453599281,5,0.27810012274274265,1,0.0004197051571271182
578,6428,0.03697771386627063,0.02072538860103627,8.181614573987648,1.4023706685226138,1,0.0,0,0.0004664904369460426
579,37540,0.21595261022710005,0.04145077720207254,8.884054899999281,3.7828040609482207,92,1.0,26,0.00013317352510320947
580,1095380,6.301283169700609,0.5233160621761658,7.483493469894821,0.7189874366736241,14888,0.7411996630243723,6440,0.00012870588514505885
581,372962,2.1455012630665875,0.47668393782383417,7.335708106866025,0.32200667880789996,773,0.13249847032125395,198,0.000699313815064988
582,21421,0.12322644815329543,0.04145077720207254,8.43025412771285,7.1979682899459485,57,1.0,23,0.0
583,166579,0.9582623830319686,0.24870466321243523,12.152136630770324,0.0981458436505209,47,0.031829706705056804,10,0.0
584,183924,1.0580412329091409,0.22797927461139897,8.105431722451948,1.0705766484407024,625,0.94451103738564,194,0.0014387395555652074
585,9967,0.057336165853316634,0.02072538860103627,8.651004140962732,4.083040420688585,7,1.0,5,0.0
586,11925,0.06859975697810784,0.02072538860103627,8.260291157379584,8.556912185904507,21,1.0,9,0.0008378718056137411
587,181634,1.044867778529278,0.18652849740932642,7.993680556874988,1.141651674597956,650,1.0,307,1.1011033055121232e-05
588,28330,0.16297116269935388,0.04145077720207254,6.989762147776339,4.8372241170486605,67,1.0,22,0.0001764602082230457
589,14961,0.08606465108171668,0.04145077720207254,7.07489170723606,3.365399781899152,13,1.0,5,0.0
590,9633,0.055414797397913024,0.04145077720207254,9.6017915423211,4.3710872485624925,7,1.0,1,0.0
591,22201,0.1277134762826811,0.04145077720207254,7.956553636400313,11.403580073580423,97,1.0,43,0.0
592,35179,0.2023707212354596,0.04145077720207254,6.242686228011572,0.9364348577153698,20,0.6035045674207998,6,0.0
593,14869,0.0855354118664558,0.02072538860103627,7.536407311066843,7.60062018697584,29,1.0,7,0.0010749076251259657
594,165427,0.951635387640876,0.21243523316062177,7.680416876248114,0.9125970028042987,431,1.0,159,0.0
595,49263,0.2833903419717003,0.12435233160621761,10.809221293522906,1.862376345314357,78,1.0,28,0.0
596,36694,0.21108591048676636,0.06217616580310881,8.599331592397487,3.959244024317726,92,1.0,28,8.175055181622476e-05
597,43562,0.2505947684260238,0.06217616580310881,7.200476191781827,5.099356860463117,167,1.0,87,6.886261907494549e-05
598,21565,0.12405482257718202,0.04145077720207254,7.065345936904589,5.2331709421370025,42,1.0,11,0.0
599,27857,0.1602501828208931,0.10362694300518134,13.676620155380215,1.1947192190240523,16,0.0,0,0.0
600,283282,1.629608080190553,0.15025906735751296,7.612681334971646,1.7784473301605246,2463,1.0,940,5.2947966268615624e-05
601,9736,0.05600731521499857,0.02072538860103627,9.14904794937368,3.6677918044312885,6,1.0,1,0.0
602,10141,0.058337118282179586,0.02072538860103627,7.375668077929271,7.888256537796309,14,1.0,4,0.0
603,4393,0.02527117252870673,0.02072538860103627,10.59444864996215,0.0,0,0.0,0,0.0
604,26531,0.15262223500093744,0.06735751295336788,9.495188670241511,1.811048151833136,22,0.49096496666813627,3,0.00011306248586718926
605,17006,0.09782871842093936,0.04145077720207254,9.169925600909455,4.00719246455391,20,1.0,15,0.0
606,6523,0.03752421088202913,0.02072538860103627,13.312524311377352,5.447281138072188,4,1.0,1,0.0
607,248529,1.4296879666257578,0.35233160621761656,9.718039962300027,0.1332136584388497,142,0.052011303000896514,36,2.414146900838916e-05
608,114008,0.6558424397115403,0.22797927461139897,7.037446951874928,0.6999121845595982,157,0.57083943419063,61,0.0
609,121051,0.6963580026798266,0.22797927461139897,9.83006110797557,0.6247911651664598,158,0.45220832423717705,59,0.0
610,16632,0.09567724595890059,0.16580310880829016,7.544909806340584,2.3041900044508803,11,1.0,3,0.0
611,1574146,9.055432540717865,1.0,7.602723772180717,0.20173643113482823,8627,0.08556415338592616,2335,0.0001352931574056489
612,32545,0.18721837239853414,0.14507772020725387,9.05744064233358,0.8206108656230844,15,0.2875159786871362,3,0.0
613,6105,0.03511962401269168,0.02072538860103627,7.824417842729908,1.5546879027042828,1,1.0,1,0.0004911591355599214
614,21763,0.12519383741002607,0.10362694300518134,7.252659158889285,1.1010816909414016,9,1.0,3,0.0
615,4587,0.026387176960887267,0.02072538860103627,6.8283911485078015,16.523738979365685,6,1.0,2,0.0
616,3430,0.019731418568965188,0.02072538860103627,10.069074409669438,4.925227727298055,1,0.0,0,0.0
617,4213,0.024235704498848498,0.04145077720207254,14.11122461118369,0.0,0,0.0,0,0.0009485416172634575
618,30410,0.17493657104438234,0.10362694300518134,8.461232259952872,1.9424211998181546,31,0.5019086234181219,4,0.0
619,29141,0.1676365214338818,0.08290155440414508,9.445004384907453,3.1387988563396907,46,1.0,13,0.0
620,12782,0.0735297353202662,0.06217616580310881,9.54194423443589,7.0932770851858855,20,1.0,5,0.0
621,18970,0.10912682514672585,0.06217616580310881,7.119435523095313,7.245901196823549,45,1.0,17,0.0
622,23567,0.1355715281092719,0.04145077720207254,7.2197778364230825,7.3030452608882,70,1.0,21,0.0
623,493357,2.8380855600375976,0.772020725388601,8.009592813251857,0.3973272060309779,1669,0.1645970983312004,423,1.824203532468796e-05
624,4197,0.02414366289619443,0.02072538860103627,7.530769370818171,16.447754752517863,5,1.0,1,0.0007142857142857143
625,19641,0.11298681985803069,0.02072538860103627,7.585517139345663,8.561743647400803,57,1.0,18,0.0
626,54714,0.3147477654759071,0.04145077720207254,7.599136934509808,4.548681054194492,235,1.0,27,0.0
627,11092,0.06380784103993058,0.02072538860103627,6.70197333987584,2.3548586204405724,5,1.0,2,0.0
628,9297,0.05348192374217766,0.02072538860103627,6.542608632325696,2.011176327959068,3,1.0,1,0.0
629,179379,1.0318956651552207,0.31088082901554404,10.078856880847137,0.2088956266508275,116,0.1300064883211709,45,0.0
630,7151,0.04113684378620119,0.02072538860103627,7.280923913918321,10.198199633176115,9,1.0,2,0.0013964530093562352
631,25956,0.14931448990555699,0.04145077720207254,6.60004811428929,3.526329429000329,41,1.0,15,0.0
632,313915,1.8058274810719264,0.22797927461139897,7.246565205335802,0.4463054549118925,759,0.4304671813696629,383,0.0
633,21038,0.12102320228976375,0.04145077720207254,8.843646256796893,3.272997419800332,25,0.22074374585508783,1,0.0013765604974604832
634,20623,0.11863587322092393,0.04145077720207254,7.10952804863228,7.902033487715339,58,1.0,5,0.0013075060532687652
635,1557,0.008956798458273702,0.02072538860103627,12.696134940424223,0.0,0,0.0,0,0.0025624599615631004
636,5357,0.030816679088614147,0.06217616580310881,15.816824905879294,6.057487376897739,3,1.0,3,0.0
637,7193,0.041378452993168106,0.02072538860103627,8.053129346658505,1.1199391720759009,1,0.0,0,0.0
638,121595,0.6994874171700648,0.10362694300518134,7.089424525171887,0.5565080694713305,142,0.36724242359399595,51,0.0
639,5848,0.033641205770060766,0.02072538860103627,8.702287417810222,8.471685645461484,5,1.0,2,0.0
640,55319,0.31822808857626395,0.08290155440414508,9.77107594129152,0.7574010547620567,40,0.0,0,0.00014459486326748243
641,4691,0.02698544737813869,0.04145077720207254,12.336328427219536,0.0,0,0.0,0,0.0008519701810436634
642,5726,0.03293938854982352,0.02072538860103627,7.7689848794730745,7.069225897288174,4,0.0,0,0.0
643,359730,2.0693828576716755,0.48186528497409326,7.0414233627928775,0.2771736171345408,619,0.1719535410125811,234,0.0
644,15453,0.08889493036332918,0.04145077720207254,8.534101135104818,1.6985838347461242,7,1.0,3,0.0
645,3987,0.02293561686135983,0.04145077720207254,15.137743856987788,0.0,0,0.0,0,0.0
646,23561,0.13553701250827663,0.04145077720207254,8.010150312080027,3.4446179243475457,33,1.0,10,0.0
647,5890,0.033882814977027685,0.04145077720207254,6.982228022498583,8.351297801068382,5,1.0,1,0.0006786562606040041
648,6749,0.038824298519517804,0.08186528497409326,14.413138941191646,0.0,0,0.0,0,0.0
649,9403,0.05409169935976084,0.06217616580310881,11.62719829004173,1.9660879358566423,3,1.0,1,0.0
650,4794,0.027577965195224232,0.02072538860103627,7.0928487350083955,2.521265008151829,1,1.0,1,0.00125
651,5982,0.03441205419228856,0.04145077720207254,11.98024199210779,0.0,0,0.0,0,0.0
652,45459,0.2615074509406964,0.10362694300518134,7.070666451206998,1.121591711549658,40,1.0,14,0.00032985882042485813
653,6582,0.037863614291816,0.04145077720207254,11.92316393506335,1.337515426982128,1,0.0,0,0.0
654,10437,0.06003988793127979,0.06217616580310881,7.725601998745848,1.0638813226546968,2,0.0,0,0.0
655,109420,0.6294495101504872,0.08808290155440414,8.56324613505548,0.7356389619261232,152,0.3753448804313334,42,0.0009221975694159112
656,17171,0.0987778974483094,0.02072538860103627,6.694494212529089,4.1270779731615646,21,1.0,5,0.002729701475200372
657,196118,1.1281884393318702,0.31088082901554404,8.051387512313877,0.5830296071425386,387,0.4245890033538867,148,0.0004536025727930196
658,25908,0.1490383650975948,0.10362694300518134,10.00335481200895,7.942086382861303,92,1.0,33,0.00027011383368705385
659,825498,4.7487599317328355,1.0,7.431980920757797,0.20849851727609695,2452,0.07762870715310832,585,0.0
660,1421011,8.174508114315975,0.6424870466321243,7.857452254211352,0.10657652989621344,3714,0.051742997024183834,1171,0.0002982901082356914
661,4626466,26.61420907903385,1.0,13.180190713529939,0.011665202980841352,4309,0.007029513881843474,1725,0.0
662,13822,0.07951243949278042,0.02072538860103627,10.042172056314046,10.0089084866024,33,1.0,10,0.0
663,977,0.005620290362063846,0.02072538860103627,15.522340697935833,0.0,0,0.0,0,0.0
664,194211,1.117218230815539,0.45595854922279794,9.762422347240928,0.5484475780947827,357,0.33491743704207444,121,0.0
665,4482,0.025783153943469965,0.06217616580310881,14.759242996111107,0.0,0,0.0,0,0.0
666,2785,0.016020991461973194,0.04145077720207254,15.831269573793072,7.47074919679211,1,0.0,0,0.0
667,2404,0.01382925079877327,0.02072538860103627,13.940968263859194,0.0,0,0.0,0,0.0
668,2534,0.014577088820337548,0.02072538860103627,12.644486494321512,18.048093423953222,2,1.0,1,0.0
669,10474,0.060252734137417316,0.04145077720207254,10.046942495780858,1.5845672345513027,3,1.0,1,0.0010491177873152122
670,1944,0.0111830547224689,0.02072538860103627,12.089331862203688,15.332819906160797,1,0.0,0,0.0
671,2567,0.014766924625811558,0.02072538860103627,11.93463649229043,8.793521271359415,1,0.0,0,0.0
672,7427,0.04272456143198381,0.04145077720207254,11.040641672625073,30.463914364574904,29,1.0,17,0.0
673,87834,0.5052738829698217,0.2694300518134715,8.39351777328145,2.7264394587458236,363,1.0,133,0.00011383816766085333
674,2750,0.015819650456167424,0.04145077720207254,16.354149332829817,7.662123859687788,1,0.0,0,0.0
675,921,0.005298144752774618,0.02072538860103627,20.49140368197571,0.0,0,0.0,0,0.0
676,2275,0.01308716537737487,0.02072538860103627,10.703806542302578,0.0,0,0.0,0,0.005681818181818182
677,2616,0.01504880203393963,0.06217616580310881,22.57597686507777,0.0,0,0.0,0,0.0
678,774,0.004452512528390395,0.02072538860103627,18.05113631861341,0.0,0,0.0,0,0.0
679,1637,0.009417006471544028,0.02072538860103627,10.030077132099711,64.86918651072784,3,0.0,0,0.0
680,20649,0.11878544082523679,0.06217616580310881,9.214869118462996,3.5333760033925867,26,1.0,9,0.00029048656499636893
681,1968,0.011321117126449998,0.02072538860103627,9.445830923662651,0.0,0,0.0,0,0.0
682,5416,0.03115608249840101,0.12124352331606218,23.012154998987782,3.9508199683584886,2,1.0,1,0.0
683,1979,0.011384395728274668,0.06010362694300518,13.790710716176973,0.0,0,0.0,0,0.0
684,3169,0.018229989925670754,0.06217616580310881,21.364261539496017,0.0,0,0.0,0,0.0
685,4414,0.02539197713219019,0.04145077720207254,8.897346840841115,17.844367077142675,6,1.0,1,0.0
686,11190,0.06437159585618672,0.04145077720207254,12.354661180398223,6.478618673193338,14,1.0,1,0.0
687,14955,0.0860301354807214,0.10880829015544041,8.17391772899739,3.886270090035327,15,1.0,4,0.0006014434643143544
688,761,0.004377728726233968,0.02072538860103627,12.294503501180342,0.0,0,0.0,0,0.0
689,1227,0.007058440403533612,0.02072538860103627,22.258781477398713,0.0,0,0.0,0,0.0
690,3186,0.018327784128490697,0.046632124352331605,17.221037465086116,0.0,0,0.0,0,0.0
691,20535,0.11812964440632658,0.046632124352331605,8.091684306069583,4.809425323559267,35,1.0,15,0.003445598369406969
692,352,0.0020249152583894305,0.02072538860103627,15.263902384768658,0.0,0,0.0,0,
693,8060,0.04636595733698526,0.02072538860103627,9.223142576557205,12.487413930946628,14,1.0,1,0.001115379848804065
694,69018,0.39703295824864127,1.0,28.071862937234172,0.15813688063593917,13,0.07586391976203277,4,0.0
695,15667,0.0901259867988273,0.24766839378238342,23.576763270820706,5.193564741566649,22,1.0,11,0.0
696,14703,0.08458048023891988,0.04145077720207254,8.802078768427762,3.752586199122615,14,1.0,5,0.0
697,94314,0.542550732044718,0.5803108808290155,17.582924186694783,0.019542651250655865,3,0.0,0,0.0
698,508903,2.927515482216353,0.35233160621761656,7.679321415506393,0.24454832675523916,1093,0.1423644293867774,394,0.0
699,14846,0.08540310206264058,0.04145077720207254,6.7687829151354535,0.2629030614388048,1,0.0,0,0.0
700,11031,0.06345693242981196,0.06217616580310881,7.842753050260429,11.428678831486794,24,1.0,9,0.0
701,30336,0.1745108786321073,0.06217616580310881,9.39792652135407,4.848290674904811,77,1.0,27,0.00046128500823723227
702,1133,0.0065176959879409795,0.02072538860103627,14.564243500803581,0.0,0,0.0,0,0.0
703,39277,0.225944876715232,0.7875647668393783,33.074338740166425,0.3756106852019401,10,0.11986728905304522,2,0.00022908924298732373
704,1784292,10.264318455176687,0.9792746113989638,9.27255804569506,0.0788626539577662,4333,0.02810517205376295,1015,0.0
705,4501,0.025892453346621668,0.02072538860103627,8.656367933272346,11.440803362197155,4,1.0,2,0.0006660746003552398
706,4199,0.02415516809652619,0.02072538860103627,9.486750087729206,3.286418045014113,1,0.0,0,0.0
707,215656,1.2405827413728154,0.20725388601036268,8.614687528049123,0.6391588838370967,513,0.4247270681156391,179,0.0
708,2995,0.017229037496807795,0.02072538860103627,7.635495828295164,38.75896333993867,6,1.0,1,0.0
709,5363,0.03085119468960942,0.02072538860103627,9.308623558338551,0.0,0,0.0,0,0.0
710,61933,0.35627578607338806,0.16580310880829016,12.31648247755227,0.8459765948331731,56,0.4341401417736769,15,0.0
711,5821,0.03348588556558203,0.02072538860103627,8.843452652043096,18.81100688603752,11,1.0,2,0.00205726041488085
712,743,0.004274181923248145,0.02072538860103627,14.264253301592749,0.0,0,0.0,0,0.0
713,7100,0.040843461177741354,0.02072538860103627,9.555543750629681,13.793646900747206,12,1.0,4,0.0
714,3768,0.02167579742503231,0.06217616580310881,17.048604997848802,24.487475695806157,6,1.0,5,0.0
715,14930,0.08588632047657442,0.04145077720207254,9.151706647864025,5.978920467178803,23,1.0,8,0.0011373519769853483
716,14362,0.08261884358235512,0.04145077720207254,9.13958815987667,7.303954498475825,26,1.0,5,0.0
717,65636,0.37757766448763824,0.12435233160621761,8.603179033014941,1.8023334439053933,134,1.0,31,0.0
718,29576,0.1701389025060392,0.06217616580310881,10.876422179719015,1.523573873522409,23,0.9202198953743411,5,0.0
719,607,0.003491828300688592,0.02072538860103627,21.12656543822786,0.0,0,0.0,0,0.0
720,7897,0.045428283509946966,0.02072538860103627,8.943830028651023,7.433276140052305,8,1.0,2,0.0
721,3460,0.01990399657394156,0.02072538860103627,8.870651368877386,24.200947111868455,5,1.0,1,0.009447466361294017
722,22851,0.1314526663905025,0.3316062176165803,23.683143662933613,1.664544439260738,15,1.0,6,0.0
723,172,0.000989447228531199,0.019689119170984457,19.187136614229612,0.0,0,0.0,0,
724,24243,0.13946028582140615,0.06217616580310881,8.934360523209502,4.140865489407296,42,1.0,7,0.0
725,1609,0.009255933666899413,0.02072538860103627,8.706202433310715,44.76436861245371,2,0.0,0,0.0
726,481,0.0027670006797878297,0.02072538860103627,15.756015378261608,0.0,0,0.0,0,
727,157029,0.9033250514478235,0.24870466321243523,9.046385564563098,0.6908792611850998,294,0.3613938802931361,84,2.5472352944922406e-05
728,30177,0.1735962152057325,0.08290155440414508,10.179064256542292,3.2451337872404653,51,1.0,13,0.00039749577660737356
729,4482,0.025783153943469965,0.02072538860103627,9.035741944250908,17.30701227903997,6,1.0,2,0.0
730,1828,0.01051575310322693,0.04145077720207254,15.331688823859585,17.34052224600336,1,0.0,0,0.0
731,1208,0.00694914100038191,0.02072538860103627,9.074917724231108,0.0,0,0.0,0,0.0
732,1572,0.009043087460761889,0.02072538860103627,8.79821765292688,0.0,0,0.0,0,0.0
733,3998,0.0229988954631845,0.02072538860103627,8.866549075014966,25.376224994827464,7,1.0,2,0.0
734,4139,0.023810012086573445,0.02072538860103627,11.732745868826667,3.3823901664611205,1,1.0,1,0.0
735,1007,0.005792868367040217,0.02072538860103627,16.015210994129255,571.4202340211261,10,1.0,7,0.0
736,9683,0.05570242740620698,0.02072538860103627,9.636374311551615,13.596194631147407,22,1.0,8,0.0
737,4326,0.02488574831759283,0.02072538860103627,8.526977925207653,6.192578509463993,2,0.0,0,0.0011544677903486493
738,20975,0.12066078847931337,0.06217616580310881,7.237456191722532,1.0536602681519343,8,0.5420100449943808,2,0.003988793389999525
739,3172,0.01824724772616839,0.02072538860103627,8.5465549485151,11.518029703650814,2,0.0,0,0.0
740,4677,0.026904910975816383,0.02072538860103627,10.008239859491107,0.0,0,0.0,0,0.0
741,913,0.005252123951447586,0.02072538860103627,9.942955844488898,0.0,0,0.0,0,0.0
742,115343,0.6635221609329889,0.12435233160621761,11.333787513466813,0.6097616485551409,140,0.32827496972319603,42,6.068487212830516e-05
743,1187,0.006828336396898449,0.02072538860103627,16.555495297111015,0.0,0,0.0,0,0.0
744,3861,0.022210789240459067,0.02072538860103627,8.77638397835392,3.8870036869058415,1,0.0,0,0.00515331100231899
745,3095,0.017804297513395705,0.04145077720207254,8.794749849011287,0.0,0,0.0,0,0.0
746,145835,0.8389304451909733,0.43523316062176165,8.043487024517967,0.6538863411143078,240,0.3274152920882253,67,0.0
747,105607,0.6075148457179903,0.14507772020725387,8.955468199644477,0.5922894483534478,114,0.43947242256564323,44,0.0
748,11887,0.06838115817180443,0.04145077720207254,9.329786802940804,7.791545862633549,19,1.0,4,0.0031029855753102985
749,9638,0.05544356039874242,0.02072538860103627,9.40793783090234,6.2379330873801875,10,1.0,3,0.0038242894056847547
750,207345,1.1927728813941945,0.39896373056994816,9.06691550396827,0.4663409149628698,346,0.2657995440701715,114,0.0
751,10620,0.06109261376163566,0.02072538860103627,9.245028321498138,12.330388604570608,24,1.0,7,0.0
752,6705,0.038571184112219124,0.02072538860103627,18.220421769260962,6.444466875742877,5,1.0,2,0.0
753,201381,1.1584643740048919,0.31088082901554404,14.034527636739472,0.16860077900342774,118,0.09684873956514561,43,0.0
754,2026,0.011654767936070985,0.02072538860103627,12.21218138347449,56.46712353314988,4,1.0,2,0.0
755,6091,0.03503908761036938,0.04145077720207254,9.822414852227052,7.80921466455859,5,1.0,3,0.0
756,951914,5.475980634302603,0.37823834196891193,10.037497446712639,0.04936696495106839,772,0.03266685160721239,335,0.0
757,128635,0.7399857223378534,0.2694300518134715,10.452501448785966,0.7739065597182677,221,0.5628786851291856,77,0.0
758,1553,0.008933788057610187,0.02072538860103627,11.736558491721231,0.0,0,0.0,0,0.005761843790012804
759,45988,0.26455057642844637,0.10362694300518134,9.372222734754303,2.191873557603456,80,1.0,25,0.0015415011181310928
760,5241,0.030149377469372175,0.02072538860103627,8.961147633839218,12.657195460190076,6,1.0,5,0.0
761,82335,0.47364033465765276,0.06217616580310881,8.891054622799892,0.5128576364276841,60,0.7227703940229895,36,0.0
762,6153,0.03539574882065388,0.02072538860103627,8.35549187826527,10.713682345707566,7,1.0,5,0.00838033843674456
763,3333,0.01917341635287492,0.04145077720207254,14.924687495337533,0.0,0,0.0,0,0.0
764,73697,0.42394937442478936,0.19170984455958548,8.48142006463641,1.173566279781173,110,1.0,36,0.0
765,34850,0.20047811578088537,0.06217616580310881,9.531466547797544,3.0534370076214223,64,1.0,7,0.0013182026593305824
766,6028,0.034676673799919,0.02072538860103627,10.118079464206266,1.5946598820877733,1,1.0,1,0.0
767,2204,0.012678730765597458,0.02072538860103627,11.676469651490425,0.0,0,0.0,0,0.0
768,5325,0.030632595883306017,0.04145077720207254,9.880935732213388,4.087006489110283,2,1.0,1,0.00448681996634885
769,1143,0.00657522198959977,0.02072538860103627,10.62926115578307,0.0,0,0.0,0,0.0
770,9450,0.05436207156755715,0.06217616580310881,10.549929163091042,1.9465797157601037,3,1.0,1,0.0
771,60266,0.3466862015968677,0.08808290155440414,15.72086271136649,0.3350341802099748,21,0.2144404579882292,8,0.0
772,55093,0.31692800093877527,0.08808290155440414,11.30174516587432,1.2408950976618174,65,0.62460849964095,15,0.0
773,21072,0.12121879069540363,0.04145077720207254,17.083902927959137,0.0,0,0.0,0,0.0
774,12491,0.07185572867199538,0.02072538860103627,10.799307478149608,5.942102263816304,16,1.0,2,0.003430668581458433
775,13361,0.07686049081631018,0.02072538860103627,10.288314793846263,1.2983644602196094,4,1.0,3,0.0
776,5233,0.03010335666804514,0.02072538860103627,12.286503325087795,4.231974888147644,2,0.0,0,0.0
777,7163,0.04120587498819173,0.02072538860103627,9.836537425236179,9.03471881102572,8,1.0,2,0.0
778,9389,0.05401116295743853,0.02072538860103627,17.758685010393346,1.3146370671364471,2,1.0,1,0.0
779,12369,0.07115391145175815,0.025906735751295335,9.899042867895767,8.332360617846005,22,1.0,5,0.0
780,4400,0.025311440729867882,0.025906735751295335,8.20023986501342,8.979051398071624,3,1.0,1,0.0
