2028,55,3,165,10,17,covariance_eigh
2757,55,5,275,10,8,covariance_eigh
2015,55,4,220,10,16,covariance_eigh
2121,55,5,275,10,7,covariance_eigh
2017,55,5,275,10,16,covariance_eigh
2344,55,5,275,10,7,covariance_eigh
1985,55,5,275,10,14,covariance_eigh
2055,55,5,275,10,6,covariance_eigh
2079,55,5,275,10,17,covariance_eigh
3133,55,5,275,10,11,covariance_eigh
2044,55,5,275,10,17,covariance_eigh
5174,55,5,275,10,12,covariance_eigh
1972,55,5,275,10,14,covariance_eigh
4473,55,5,275,10,13,covariance_eigh
1956,55,5,275,10,13,covariance_eigh
4473,55,5,275,10,13,covariance_eigh
1501,55,5,275,10,14,covariance_eigh
2521,55,5,275,10,13,covariance_eigh
1257,55,5,275,10,6,covariance_eigh
3354,55,5,275,10,11,covariance_eigh
1428,55,5,275,10,10,covariance_eigh
4434,55,5,275,10,10,covariance_eigh
1140,55,5,275,10,5,covariance_eigh
4226,55,5,275,10,10,covariance_eigh
1422,55,5,275,10,10,covariance_eigh
3784,55,5,275,10,6,covariance_eigh
1320,55,5,275,10,10,covariance_eigh
3280,55,5,275,10,8,covariance_eigh
1414,55,5,275,10,12,covariance_eigh
3595,55,5,275,10,10,covariance_eigh
1365,55,5,275,10,10,covariance_eigh
1889,55,5,275,10,6,covariance_eigh
1429,55,5,275,10,10,covariance_eigh
3013,55,5,275,10,6,covariance_eigh
1353,55,5,275,10,9,covariance_eigh
3027,55,5,275,10,7,covariance_eigh
1153,55,5,275,10,6,covariance_eigh
5678,55,5,275,10,11,covariance_eigh
2153,55,5,275,10,7,covariance_eigh
3796,55,5,275,10,6,covariance_eigh
2140,55,5,275,10,6,covariance_eigh
5748,55,5,275,10,9,covariance_eigh
2078,55,5,275,10,6,covariance_eigh
3713,55,5,275,10,6,covariance_eigh
1300,55,5,275,10,8,covariance_eigh
3255,55,5,275,10,5,covariance_eigh
1353,55,5,275,10,9,covariance_eigh
2344,55,5,275,10,5,covariance_eigh
1287,55,5,275,10,7,covariance_eigh
4497,55,5,275,10,8,covariance_eigh
1321,55,5,275,10,7,covariance_eigh
2497,55,5,275,10,6,covariance_eigh
1365,55,5,275,10,10,covariance_eigh
4473,55,5,275,10,8,covariance_eigh
1340,55,5,275,10,8,covariance_eigh
4665,55,5,275,10,7,covariance_eigh
1214,55,5,275,10,9,covariance_eigh
5250,55,5,275,10,9,covariance_eigh
1282,55,5,275,10,8,covariance_eigh
1084,55,5,275,10,4,covariance_eigh
4155,55,5,275,10,9,covariance_eigh
2707,55,5,275,10,5,covariance_eigh
5226,55,5,275,10,14,covariance_eigh
2253,55,5,275,10,4,covariance_eigh
5184,55,5,275,10,12,covariance_eigh
1956,55,5,275,10,5,covariance_eigh
2380,55,5,275,10,8,covariance_eigh
1926,55,5,275,10,5,covariance_eigh
4760,55,5,275,10,12,covariance_eigh
2254,55,5,275,10,6,covariance_eigh
4581,55,5,275,10,13,covariance_eigh
1708,55,5,275,10,6,covariance_eigh
4096,55,5,275,10,11,covariance_eigh
2153,55,5,275,10,6,covariance_eigh
6463,55,5,275,10,16,covariance_eigh
2488,55,5,275,10,5,covariance_eigh
4348,55,5,275,10,9,covariance_eigh
2522,55,5,275,10,7,covariance_eigh
7319,55,5,275,10,14,covariance_eigh
2934,55,5,275,10,8,covariance_eigh
9332,55,5,275,10,17,covariance_eigh
1196,55,5,275,10,6,covariance_eigh
6322,55,5,275,10,12,covariance_eigh
1467,55,5,275,10,6,covariance_eigh
9216,55,5,275,10,13,covariance_eigh
1479,55,5,275,10,6,covariance_eigh
4927,55,5,275,10,7,covariance_eigh
1479,55,5,275,10,6,covariance_eigh
6450,55,5,275,10,14,covariance_eigh
3103,55,5,275,10,8,covariance_eigh
4692,55,5,275,10,8,covariance_eigh
1096,55,5,275,10,6,covariance_eigh
6694,55,5,275,10,15,covariance_eigh
1027,55,5,275,10,3,covariance_eigh
3369,55,5,275,10,10,covariance_eigh
2007,55,5,275,10,8,covariance_eigh
4587,55,5,275,10,10,covariance_eigh
1991,55,5,275,10,7,covariance_eigh
2457,55,5,275,10,9,covariance_eigh
2007,55,5,275,10,8,covariance_eigh
5703,55,5,275,10,15,covariance_eigh
1772,55,5,275,10,7,covariance_eigh
3383,55,5,275,10,10,covariance_eigh
1214,55,5,275,10,7,covariance_eigh
3472,55,5,275,10,11,covariance_eigh
1234,55,5,275,10,5,covariance_eigh
2391,55,5,275,10,8,covariance_eigh
1128,55,5,275,10,6,covariance_eigh
2349,55,5,275,10,9,covariance_eigh
2096,55,5,275,10,5,covariance_eigh
1261,55,5,275,10,6,covariance_eigh
1027,55,5,275,10,3,covariance_eigh
1065,55,5,275,10,4,covariance_eigh
1679,55,5,275,10,6,covariance_eigh
1090,55,5,275,10,6,covariance_eigh
2197,55,5,275,10,8,covariance_eigh
1078,55,5,275,10,5,covariance_eigh
1628,55,5,275,10,7,covariance_eigh
1153,55,5,275,10,6,covariance_eigh
1446,55,5,275,10,5,covariance_eigh
1065,55,5,275,10,4,covariance_eigh
1543,55,5,275,10,6,covariance_eigh
2844,55,5,275,10,9,covariance_eigh
1476,55,5,275,10,5,covariance_eigh
2270,55,5,275,10,8,covariance_eigh
2525,55,5,275,10,8,covariance_eigh
2062,55,5,275,10,5,covariance_eigh
2049,55,5,275,10,5,covariance_eigh
2216,55,5,275,10,10,covariance_eigh
2043,55,5,275,10,5,covariance_eigh
1078,55,5,275,10,5,covariance_eigh
2280,55,5,275,10,8,covariance_eigh
1049,55,5,275,10,3,covariance_eigh
3581,55,5,275,10,9,covariance_eigh
1843,55,5,275,10,7,covariance_eigh
1581,55,5,275,10,7,covariance_eigh
1812,55,5,275,10,8,covariance_eigh
1995,55,5,275,10,7,covariance_eigh
1768,55,5,275,10,6,covariance_eigh
1358,55,5,275,10,7,covariance_eigh
1078,55,5,275,10,5,covariance_eigh
1257,55,5,275,10,6,covariance_eigh
1153,55,5,275,10,8,covariance_eigh
1236,55,5,275,10,5,covariance_eigh
1284,55,5,275,10,12,covariance_eigh
1842,55,5,275,10,7,covariance_eigh
1141,55,5,275,10,8,covariance_eigh
1835,55,5,275,10,9,covariance_eigh
1097,55,5,275,10,6,covariance_eigh
1108,55,5,275,10,6,covariance_eigh
1245,55,5,275,10,10,covariance_eigh
1120,55,5,275,10,7,covariance_eigh
1216,55,5,275,10,9,covariance_eigh
1335,55,5,275,10,7,covariance_eigh
1167,55,5,275,10,7,covariance_eigh
1456,55,5,275,10,9,covariance_eigh
1265,55,5,275,10,6,covariance_eigh
3146,55,5,275,10,7,covariance_eigh
1298,55,5,275,10,8,covariance_eigh
3403,55,5,275,10,8,covariance_eigh
1279,55,5,275,10,7,covariance_eigh
4199,55,5,275,10,8,covariance_eigh
2611,55,5,275,10,6,covariance_eigh
2741,55,5,275,10,7,covariance_eigh
2108,55,5,275,10,7,covariance_eigh
2347,55,5,275,10,7,covariance_eigh
2844,55,5,275,10,10,covariance_eigh
1498,55,5,275,10,9,covariance_eigh
2873,55,5,275,10,11,covariance_eigh
1484,55,5,275,10,9,covariance_eigh
2295,55,5,275,10,9,covariance_eigh
2062,55,5,275,10,6,covariance_eigh
1295,55,5,275,10,8,covariance_eigh
3122,55,5,275,10,10,covariance_eigh
1293,55,5,275,10,8,covariance_eigh
3543,55,5,275,10,9,covariance_eigh
1141,55,5,275,10,8,covariance_eigh
3657,55,5,275,10,11,covariance_eigh
1078,55,5,275,10,5,covariance_eigh
4276,55,5,275,10,13,covariance_eigh
1127,55,5,275,10,7,covariance_eigh
2918,55,5,275,10,7,covariance_eigh
1110,55,5,275,10,7,covariance_eigh
4659,55,5,275,10,12,covariance_eigh
1092,55,5,275,10,6,covariance_eigh
3020,55,5,275,10,9,covariance_eigh
1111,55,5,275,10,7,covariance_eigh
5715,55,4,220,10,11,covariance_eigh
1125,55,5,275,10,7,covariance_eigh
4530,55,4,220,10,9,covariance_eigh
1111,55,5,275,10,7,covariance_eigh
1092,55,5,275,10,6,covariance_eigh
6105,55,4,220,10,12,covariance_eigh
2062,55,5,275,10,5,covariance_eigh
5735,55,4,220,10,12,covariance_eigh
2092,55,5,275,10,7,covariance_eigh
3208,55,5,275,10,7,covariance_eigh
2043,55,5,275,10,5,covariance_eigh
3197,55,5,275,10,7,covariance_eigh
1106,55,5,275,10,6,covariance_eigh
3638,55,5,275,10,4,covariance_eigh
1076,55,5,275,10,5,covariance_eigh
3687,55,5,275,10,5,covariance_eigh
1092,55,5,275,10,6,covariance_eigh
5875,55,5,275,10,8,covariance_eigh
1073,55,5,275,10,5,covariance_eigh
5822,55,5,275,10,9,covariance_eigh
1170,55,5,275,10,9,covariance_eigh
4361,55,5,275,10,8,covariance_eigh
1039,55,5,275,10,4,covariance_eigh
4278,55,5,275,10,10,covariance_eigh
1360,55,5,275,10,6,covariance_eigh
4932,55,5,275,10,8,covariance_eigh
1496,55,5,275,10,6,covariance_eigh
2304,55,5,275,10,5,covariance_eigh
1330,55,5,275,10,5,covariance_eigh
3571,55,5,275,10,7,covariance_eigh
1102,55,5,275,10,6,covariance_eigh
3589,55,5,275,10,6,covariance_eigh
1069,55,5,275,10,5,covariance_eigh
4009,55,5,275,10,12,covariance_eigh
1043,55,5,275,10,4,covariance_eigh
4088,55,5,275,10,10,covariance_eigh
1132,55,5,275,10,7,covariance_eigh
4414,55,5,275,10,13,covariance_eigh
1092,55,5,275,10,6,covariance_eigh
2771,55,5,275,10,9,covariance_eigh
1930,55,5,275,10,6,covariance_eigh
4265,55,5,275,10,13,covariance_eigh
2002,55,5,275,10,9,covariance_eigh
3850,55,5,275,10,11,covariance_eigh
2225,55,5,275,10,6,covariance_eigh
5387,55,5,275,10,11,covariance_eigh
2225,55,5,275,10,6,covariance_eigh
7186,55,5,275,10,17,covariance_eigh
2251,55,5,275,10,7,covariance_eigh
7690,55,5,275,10,18,covariance_eigh
1338,55,5,275,10,4,covariance_eigh
6888,55,5,275,10,18,covariance_eigh
1027,55,5,275,10,3,covariance_eigh
6640,55,5,275,10,18,covariance_eigh
1027,55,5,275,10,3,covariance_eigh
6943,55,5,275,10,19,covariance_eigh
1086,55,5,275,10,6,covariance_eigh
6623,55,5,275,10,16,covariance_eigh
1588,55,5,275,10,6,covariance_eigh
7474,55,5,275,10,15,covariance_eigh
1572,55,5,275,10,5,covariance_eigh
3181,55,5,275,10,9,covariance_eigh
1672,55,5,275,10,7,covariance_eigh
2062,55,5,275,10,9,covariance_eigh
2111,55,5,275,10,5,covariance_eigh
2957,55,5,275,10,12,covariance_eigh
1301,55,5,275,10,6,covariance_eigh
3333,55,5,275,10,14,covariance_eigh
3550,55,5,275,10,7,covariance_eigh
3801,55,5,275,10,12,covariance_eigh
2550,55,5,275,10,6,covariance_eigh
3671,55,5,275,10,14,covariance_eigh
3376,55,5,275,10,6,covariance_eigh
3347,55,5,275,10,11,covariance_eigh
2395,55,5,275,10,6,covariance_eigh
3263,55,5,275,10,14,covariance_eigh
2376,55,5,275,10,5,covariance_eigh
2886,55,5,275,10,11,covariance_eigh
1043,55,5,275,10,4,covariance_eigh
4013,55,5,275,10,13,covariance_eigh
2027,55,5,275,10,4,covariance_eigh
4183,55,5,275,10,18,covariance_eigh
1027,55,5,275,10,3,covariance_eigh
3338,55,5,275,10,8,covariance_eigh
1027,55,5,275,10,3,covariance_eigh
3815,55,5,275,10,15,covariance_eigh
1027,55,5,275,10,3,covariance_eigh
2539,55,5,275,10,12,covariance_eigh
1027,55,5,275,10,3,covariance_eigh
2613,55,5,275,10,9,covariance_eigh
1059,55,5,275,10,5,covariance_eigh
2883,55,5,275,10,14,covariance_eigh
1043,55,5,275,10,4,covariance_eigh
2029,55,5,275,10,12,covariance_eigh
1053,55,5,275,10,4,covariance_eigh
2020,55,5,275,10,11,covariance_eigh
1069,55,5,275,10,5,covariance_eigh
1991,55,5,275,10,6,covariance_eigh
1055,55,5,275,10,4,covariance_eigh
1666,55,5,275,10,9,covariance_eigh
1027,55,5,275,10,3,covariance_eigh
1156,55,5,275,10,7,covariance_eigh
1043,55,5,275,10,4,covariance_eigh
2366,55,5,275,10,17,covariance_eigh
1043,55,5,275,10,4,covariance_eigh
1144,55,5,275,10,7,covariance_eigh
1027,55,5,275,10,3,covariance_eigh
1105,55,5,275,10,8,covariance_eigh
1027,55,5,275,10,3,covariance_eigh
1205,55,5,275,10,10,covariance_eigh
1027,55,5,275,10,3,covariance_eigh
1272,55,5,275,10,12,covariance_eigh
1069,55,5,275,10,5,covariance_eigh
1295,55,5,275,10,14,covariance_eigh
1027,55,5,275,10,3,covariance_eigh
1123,55,5,275,10,9,covariance_eigh
1071,55,5,275,10,5,covariance_eigh
1134,55,5,275,10,8,covariance_eigh
1027,55,5,275,10,3,covariance_eigh
1267,55,5,275,10,13,covariance_eigh
1027,55,5,275,10,3,covariance_eigh
1495,55,5,275,10,18,covariance_eigh
1027,55,5,275,10,3,covariance_eigh
1280,55,5,275,10,12,covariance_eigh
1090,55,5,275,10,6,covariance_eigh
1739,55,5,275,10,18,covariance_eigh
1145,55,5,275,10,8,covariance_eigh
1631,55,5,275,10,18,covariance_eigh
1155,55,5,275,10,9,covariance_eigh
1821,55,5,275,10,20,covariance_eigh
1099,55,5,275,10,6,covariance_eigh
1706,55,5,275,10,18,covariance_eigh
1076,55,5,275,10,5,covariance_eigh
2738,55,5,275,10,30,covariance_eigh
1055,55,5,275,10,4,covariance_eigh
2125,55,5,275,10,22,covariance_eigh
1074,55,5,275,10,5,covariance_eigh
2491,55,5,275,10,27,covariance_eigh
1045,55,5,275,10,4,covariance_eigh
2710,55,5,275,10,30,covariance_eigh
1064,55,5,275,10,5,covariance_eigh
3079,55,5,275,10,32,covariance_eigh
1082,55,5,275,10,6,covariance_eigh
2997,55,5,275,10,33,covariance_eigh
1108,55,5,275,10,7,covariance_eigh
3106,55,5,275,10,34,covariance_eigh
1048,55,5,275,10,4,covariance_eigh
3139,55,5,275,10,35,covariance_eigh
1048,55,5,275,10,4,covariance_eigh
3136,55,5,275,10,35,covariance_eigh
1081,55,5,275,10,5,covariance_eigh
3183,55,5,275,10,37,covariance_eigh
1055,55,5,275,10,4,covariance_eigh
3211,55,5,275,10,38,covariance_eigh
1027,55,5,275,10,3,covariance_eigh
3211,55,5,275,10,38,covariance_eigh
1043,55,5,275,10,4,covariance_eigh
3183,55,5,275,10,37,covariance_eigh
1043,55,5,275,10,4,covariance_eigh
3195,55,5,275,10,37,covariance_eigh
1027,55,5,275,10,3,covariance_eigh
3155,55,5,275,10,36,covariance_eigh
1059,55,5,275,10,5,covariance_eigh
3191,55,5,275,10,37,covariance_eigh
1048,55,5,275,10,4,covariance_eigh
3167,55,5,275,10,36,covariance_eigh
1053,55,5,275,10,4,covariance_eigh
3211,55,5,275,10,38,covariance_eigh
1027,55,5,275,10,3,covariance_eigh
3167,55,5,275,10,36,covariance_eigh
1027,55,5,275,10,3,covariance_eigh
3122,55,5,275,10,35,covariance_eigh
1592,55,5,275,10,5,covariance_eigh
3122,55,5,275,10,35,covariance_eigh
3073,55,5,275,10,11,covariance_eigh
3155,55,5,275,10,36,covariance_eigh
2446,55,5,275,10,8,covariance_eigh
3155,55,5,275,10,36,covariance_eigh
2212,55,5,275,10,8,covariance_eigh
3106,55,5,275,10,34,covariance_eigh
2503,55,5,275,10,7,covariance_eigh
3134,55,5,275,10,35,covariance_eigh
2550,55,5,275,10,8,covariance_eigh
3153,55,5,275,10,35,covariance_eigh
3541,55,5,275,10,12,covariance_eigh
3120,55,5,275,10,34,covariance_eigh
3151,55,5,275,10,12,covariance_eigh
3211,55,5,275,10,38,covariance_eigh
2611,55,5,275,10,11,covariance_eigh
3211,55,5,275,10,38,covariance_eigh
2569,55,5,275,10,9,covariance_eigh
3211,55,5,275,10,38,covariance_eigh
1374,55,5,275,10,7,covariance_eigh
3211,55,4,220,10,38,covariance_eigh
1320,55,5,275,10,5,covariance_eigh
3211,55,3,165,10,38,covariance_eigh
